,Date,short-liquidations-usd
0,08 Sep '20,"14,154,427.926840002"
1,09 Dec '19,"15,689,251.55436682"
2,09 Dec '19,"15,689,251.55436682"
3,09 Dec '19,"15,689,251.55436682"
4,09 Dec '19,"15,689,251.55436682"
5,09 Dec '19,"15,689,251.55436682"
6,09 Dec '19,"15,689,251.55436682"
7,13 Mar '19,"10,570"
8,13 Mar '19,"10,570"
9,14 Mar '19,"104,923"
10,14 Mar '19,"104,923"
11,15 Mar '19,"106,420"
12,16 Mar '19,"522,912"
13,16 Mar '19,"522,912"
14,17 Mar '19,"4,167"
15,17 Mar '19,"4,167"
16,18 Mar '19,"27,948"
17,19 Mar '19,"142,090"
18,19 Mar '19,"142,090"
19,20 Mar '19,"342,679"
20,21 Mar '19,"97,896"
21,21 Mar '19,"97,896"
22,22 Mar '19,"3,600"
23,22 Mar '19,"3,600"
24,23 Mar '19,"8,700"
25,24 Mar '19,0
26,24 Mar '19,0
27,25 Mar '19,0
28,26 Mar '19,"14,700"
29,26 Mar '19,"14,700"
30,27 Mar '19,"1,005,196"
31,27 Mar '19,"1,005,196"
32,28 Mar '19,23
33,29 Mar '19,"862,766"
34,29 Mar '19,"862,766"
35,30 Mar '19,"95,341"
36,30 Mar '19,"95,341"
37,31 Mar '19,"3,009"
38,01 Apr '19,"547,625"
39,01 Apr '19,"547,625"
40,02 Apr '19,"519,723,024"
41,03 Apr '19,"48,995,742"
42,03 Apr '19,"48,995,742"
43,04 Apr '19,"9,102,552"
44,04 Apr '19,"9,102,552"
45,05 Apr '19,"11,582,513"
46,06 Apr '19,"24,621,389"
47,06 Apr '19,"24,621,389"
48,07 Apr '19,"15,523,602"
49,08 Apr '19,"9,139,771"
50,08 Apr '19,"9,139,771"
51,09 Apr '19,"1,895,708"
52,09 Apr '19,"1,895,708"
53,10 Apr '19,"56,116,440"
54,11 Apr '19,"1,466,420"
55,11 Apr '19,"1,466,420"
56,12 Apr '19,"6,880,851"
57,13 Apr '19,"1,751,783"
58,13 Apr '19,"1,751,783"
59,14 Apr '19,"11,896,900"
60,14 Apr '19,"11,896,900"
61,15 Apr '19,"627,502"
62,16 Apr '19,"28,712,138"
63,16 Apr '19,"28,712,138"
64,17 Apr '19,"9,585,904"
65,17 Apr '19,"9,585,904"
66,18 Apr '19,"7,516,079"
67,19 Apr '19,"13,095,546"
68,19 Apr '19,"13,095,546"
69,20 Apr '19,"3,852,201"
70,21 Apr '19,"1,792,163"
71,21 Apr '19,"1,792,163"
72,22 Apr '19,"27,893,095"
73,22 Apr '19,"27,893,095"
74,23 Apr '19,"77,917,965"
75,24 Apr '19,"5,292,379"
76,24 Apr '19,"5,292,379"
77,25 Apr '19,"3,515,548"
78,26 Apr '19,"5,583,866"
79,26 Apr '19,"5,583,866"
80,27 Apr '19,"5,681,418"
81,27 Apr '19,"5,681,418"
82,28 Apr '19,"861,858"
83,29 Apr '19,"5,040,350"
84,29 Apr '19,"5,040,350"
85,30 Apr '19,"18,005,427"
86,01 May '19,"13,043,304"
87,01 May '19,"13,043,304"
88,02 May '19,"8,716,170"
89,02 May '19,"8,716,170"
90,03 May '19,"96,377,381"
91,04 May '19,"30,309,236"
92,04 May '19,"30,309,236"
93,05 May '19,"3,471,149"
94,05 May '19,"3,471,149"
95,06 May '19,"2,909,079"
96,07 May '19,"38,249,769"
97,07 May '19,"38,249,769"
98,08 May '19,"14,431,294"
99,09 May '19,"35,648,775"
100,09 May '19,"35,648,775"
101,10 May '19,"33,509,259"
102,10 May '19,"33,509,259"
103,11 May '19,"188,318,635"
104,12 May '19,"37,344,893"
105,12 May '19,"37,344,893"
106,13 May '19,"129,858,664"
107,14 May '19,"37,251,950"
108,14 May '19,"37,251,950"
109,15 May '19,"29,571,538"
110,15 May '19,"29,571,538"
111,16 May '19,"20,703,160"
112,17 May '19,"33,994,757"
113,17 May '19,"33,994,757"
114,18 May '19,"7,464,368"
115,19 May '19,"86,368,592"
116,19 May '19,"86,368,592"
117,20 May '19,"31,284,555"
118,20 May '19,"31,284,555"
119,21 May '19,"15,868,057"
120,22 May '19,"12,837,081"
121,22 May '19,"12,837,081"
122,23 May '19,"28,555,443"
123,23 May '19,"28,555,443"
124,24 May '19,"25,265,786"
125,25 May '19,"7,811,148"
126,25 May '19,"7,811,148"
127,26 May '19,"138,495,293"
128,27 May '19,"32,410,598"
129,27 May '19,"32,410,598"
130,28 May '19,"7,962,145"
131,28 May '19,"7,962,145"
132,29 May '19,"9,776,204"
133,30 May '19,"48,368,662"
134,30 May '19,"48,368,662"
135,31 May '19,"13,260,972"
136,01 Jun '19,"5,796,315"
137,01 Jun '19,"5,796,315"
138,02 Jun '19,"25,653,461"
139,02 Jun '19,"25,653,461"
140,03 Jun '19,"7,863,776"
141,04 Jun '19,"11,337,606"
142,04 Jun '19,"11,337,606"
143,05 Jun '19,"24,180,250"
144,06 Jun '19,"11,161,229"
145,06 Jun '19,"11,161,229"
146,07 Jun '19,"32,973,972"
147,07 Jun '19,"32,973,972"
148,08 Jun '19,"2,380,847"
149,09 Jun '19,"1,130,389"
150,09 Jun '19,"1,130,389"
151,10 Jun '19,"43,227,794"
152,10 Jun '19,"43,227,794"
153,11 Jun '19,"6,850,464"
154,12 Jun '19,"53,427,448"
155,12 Jun '19,"53,427,448"
156,13 Jun '19,"12,774,106"
157,14 Jun '19,"77,112,829"
158,14 Jun '19,"77,112,829"
159,15 Jun '19,"25,915,413"
160,15 Jun '19,"25,915,413"
161,16 Jun '19,"113,050,639"
162,17 Jun '19,"30,959,808"
163,17 Jun '19,"30,959,808"
164,18 Jun '19,"6,567,954"
165,19 Jun '19,"21,037,727"
166,19 Jun '19,"21,037,727"
167,20 Jun '19,"33,273,404"
168,20 Jun '19,"33,273,404"
169,21 Jun '19,"140,060,773"
170,22 Jun '19,"171,827,128"
171,22 Jun '19,"171,827,128"
172,23 Jun '19,"25,142,032"
173,23 Jun '19,"25,142,032"
174,24 Jun '19,"17,559,129"
175,25 Jun '19,"34,779,440"
176,25 Jun '19,"34,779,440"
177,26 Jun '19,"243,599,603"
178,27 Jun '19,"47,299,174"
179,27 Jun '19,"47,299,174"
180,28 Jun '19,"54,669,910"
181,28 Jun '19,"54,669,910"
182,29 Jun '19,"37,667,882"
183,30 Jun '19,"14,032,316"
184,30 Jun '19,"14,032,316"
185,01 Jul '19,"27,256,915"
186,02 Jul '19,"67,808,749"
187,02 Jul '19,"67,808,749"
188,03 Jul '19,"86,369,596"
189,03 Jul '19,"86,369,596"
190,04 Jul '19,"15,266,881"
191,05 Jul '19,"21,900,771"
192,05 Jul '19,"21,900,771"
193,06 Jul '19,"32,194,610"
194,07 Jul '19,"33,127,314"
195,07 Jul '19,"33,127,314"
196,08 Jul '19,"87,126,157"
197,08 Jul '19,"87,126,157"
198,09 Jul '19,"50,700,612"
199,10 Jul '19,"50,423,929"
200,10 Jul '19,"50,423,929"
201,11 Jul '19,"22,065,340"
202,11 Jul '19,"22,065,340"
203,12 Jul '19,"53,285,110"
204,13 Jul '19,"23,257,541"
205,13 Jul '19,"23,257,541"
206,14 Jul '19,"11,457,928"
207,15 Jul '19,"42,140,117"
208,15 Jul '19,"42,140,117"
209,16 Jul '19,"16,811,861"
210,16 Jul '19,"16,811,861"
211,17 Jul '19,"25,308,203"
212,18 Jul '19,"92,161,197"
213,18 Jul '19,"92,161,197"
214,19 Jul '19,"16,650,908"
215,20 Jul '19,"43,109,799"
216,20 Jul '19,"43,109,799"
217,21 Jul '19,"4,959,034"
218,21 Jul '19,"4,959,034"
219,22 Jul '19,"7,897,826"
220,23 Jul '19,"13,018,808"
221,23 Jul '19,"13,018,808"
222,24 Jul '19,"12,882,882"
223,25 Jul '19,"37,538,486"
224,25 Jul '19,"37,538,486"
225,26 Jul '19,"5,377,880"
226,26 Jul '19,"5,377,880"
227,27 Jul '19,"43,849,219"
228,28 Jul '19,"21,420,919"
229,28 Jul '19,"21,420,919"
230,29 Jul '19,"11,414,606"
231,29 Jul '19,"11,414,606"
232,30 Jul '19,"23,558,717"
233,31 Jul '19,"41,279,961"
234,31 Jul '19,"41,279,961"
235,01 Aug '19,"60,144,407"
236,02 Aug '19,"17,297,793"
237,02 Aug '19,"17,297,793"
238,03 Aug '19,"30,896,955"
239,03 Aug '19,"30,896,955"
240,04 Aug '19,"33,685,626.365425006"
241,05 Aug '19,"105,637,900.336925"
242,05 Aug '19,"105,637,900.336925"
243,06 Aug '19,"68,298,865.410675"
244,07 Aug '19,"45,176,936.182375"
245,07 Aug '19,"45,176,936.182375"
246,08 Aug '19,"16,697,878.89865"
247,08 Aug '19,"16,697,878.89865"
248,09 Aug '19,"9,518,435"
249,10 Aug '19,"8,123,874"
250,10 Aug '19,"8,123,874"
251,11 Aug '19,"15,272,021.112625"
252,12 Aug '19,"1,223,886"
253,12 Aug '19,"1,223,886"
254,13 Aug '19,"1,088,276.872125"
255,13 Aug '19,"1,088,276.872125"
256,14 Aug '19,"8,413,306"
257,15 Aug '19,"49,464,927.9316"
258,15 Aug '19,"49,464,927.9316"
259,16 Aug '19,"38,821,459.06095"
260,16 Aug '19,"38,821,459.06095"
261,17 Aug '19,"4,137,674.459525"
262,18 Aug '19,"8,677,269.806825"
263,18 Aug '19,"8,677,269.806825"
264,19 Aug '19,"46,688,261.58215"
265,20 Aug '19,"5,235,718.177375"
266,20 Aug '19,"5,235,718.177375"
267,21 Aug '19,"5,771,797.9328"
268,21 Aug '19,"5,771,797.9328"
269,22 Aug '19,"17,787,856.24615"
270,23 Aug '19,"24,191,917.90635"
271,23 Aug '19,"24,191,917.90635"
272,24 Aug '19,"5,219,405.4372"
273,25 Aug '19,"22,961,343"
274,25 Aug '19,"22,961,343"
275,26 Aug '19,"51,812,593.897575"
276,26 Aug '19,"51,812,593.897575"
277,27 Aug '19,"2,602,735"
278,28 Aug '19,"10,487,102.49255"
279,28 Aug '19,"10,487,102.49255"
280,29 Aug '19,"5,628,400"
281,30 Aug '19,"8,280,827.042175"
282,30 Aug '19,"8,280,827.042175"
283,31 Aug '19,"4,366,554.473075"
284,31 Aug '19,"4,366,554.473075"
285,01 Sep '19,"30,507,687.1779"
286,02 Sep '19,"86,113,408.68445"
287,02 Sep '19,"86,113,408.68445"
288,03 Sep '19,"30,602,152.468025"
289,03 Sep '19,"30,602,152.468025"
290,04 Sep '19,"30,607,092.741025"
291,05 Sep '19,"3,099,452.44475"
292,05 Sep '19,"3,099,452.44475"
293,06 Sep '19,"26,626,833.254375"
294,07 Sep '19,"5,482,503.752375"
295,07 Sep '19,"5,482,503.752375"
296,08 Sep '19,"3,090,497.139325"
297,08 Sep '19,"3,090,497.139325"
298,09 Sep '19,"27,379,029.74245"
299,10 Sep '19,"2,205,874"
300,10 Sep '19,"2,205,874"
301,11 Sep '19,"17,632,990"
302,12 Sep '19,"19,702,578.266325"
303,12 Sep '19,"19,702,578.266325"
304,13 Sep '19,"2,269,239.66075"
305,13 Sep '19,"2,269,239.66075"
306,14 Sep '19,"2,338,991.860175"
307,15 Sep '19,"35,850"
308,15 Sep '19,"35,850"
309,16 Sep '19,"9,950,589.3916"
310,17 Sep '19,"1,662,991"
311,17 Sep '19,"1,662,991"
312,18 Sep '19,"1,451,002"
313,18 Sep '19,"1,451,002"
314,19 Sep '19,"71,378,947.261175"
315,20 Sep '19,"1,042,228.509075"
316,20 Sep '19,"1,042,228.509075"
317,21 Sep '19,"1,481,386.060325"
318,21 Sep '19,"1,481,386.060325"
319,22 Sep '19,"9,919,934.66315"
320,23 Sep '19,"5,960,618.31577"
321,23 Sep '19,"5,960,618.31577"
322,24 Sep '19,"13,781,908.77035886"
323,25 Sep '19,"15,135,906.97016123"
324,25 Sep '19,"15,135,906.97016123"
325,26 Sep '19,"21,306,149.44002171"
326,26 Sep '19,"21,306,149.44002171"
327,27 Sep '19,"8,855,586.2751"
328,28 Sep '19,"15,244,530.424725"
329,28 Sep '19,"15,244,530.424725"
330,29 Sep '19,"4,700,517.23235"
331,30 Sep '19,"26,012,001.868335"
332,30 Sep '19,"26,012,001.868335"
333,01 Oct '19,"8,098,432.3501"
334,01 Oct '19,"8,098,432.3501"
335,02 Oct '19,"5,123,940.8044"
336,03 Oct '19,"7,060,493.045725"
337,03 Oct '19,"7,060,493.045725"
338,04 Oct '19,"2,896,119.7892"
339,04 Oct '19,"2,896,119.7892"
340,05 Oct '19,"3,021,122.5554"
341,06 Oct '19,"4,413,440.79355"
342,06 Oct '19,"4,413,440.79355"
343,07 Oct '19,"24,972,796.85845"
344,08 Oct '19,"3,384,098.878625"
345,08 Oct '19,"3,384,098.878625"
346,09 Oct '19,"61,297,092.180625"
347,09 Oct '19,"61,297,092.180625"
348,10 Oct '19,"2,661,906.79565"
349,11 Oct '19,"24,128,310.4733"
350,11 Oct '19,"24,128,310.4733"
351,12 Oct '19,"2,373,609.5704840003"
352,13 Oct '19,"3,175,741.08840955"
353,13 Oct '19,"3,175,741.08840955"
354,14 Oct '19,"3,453,745.8005"
355,14 Oct '19,"3,453,745.8005"
356,15 Oct '19,"3,945,394.275125"
357,16 Oct '19,"2,170,138.9269000003"
358,16 Oct '19,"2,170,138.9269000003"
359,17 Oct '19,"2,329,760.2227499997"
360,18 Oct '19,"2,968,227.217575"
361,18 Oct '19,"2,968,227.217575"
362,19 Oct '19,"13,199,463.01415"
363,19 Oct '19,"13,199,463.01415"
364,20 Oct '19,"25,852,259.18385"
365,21 Oct '19,"4,264,174.95025"
366,21 Oct '19,"4,264,174.95025"
367,22 Oct '19,"2,312,793.5269"
368,22 Oct '19,"2,312,793.5269"
369,23 Oct '19,"1,601,575.88924198"
370,24 Oct '19,"809,473.0937999999"
371,24 Oct '19,"809,473.0937999999"
372,25 Oct '19,"201,120,688.58352116"
373,26 Oct '19,"229,179,069.89099818"
374,26 Oct '19,"229,179,069.89099818"
375,27 Oct '19,"37,911,318.6828026"
376,27 Oct '19,"37,911,318.6828026"
377,28 Oct '19,"12,373,384.63192992"
378,29 Oct '19,"14,067,153.8044"
379,29 Oct '19,"14,067,153.8044"
380,30 Oct '19,"4,737,883.598075"
381,31 Oct '19,"17,237,225.349749997"
382,31 Oct '19,"17,237,225.349749997"
383,01 Nov '19,"12,354,851.3279"
384,01 Nov '19,"12,354,851.3279"
385,02 Nov '19,"10,062,804.985625"
386,03 Nov '19,"1,682,958.0383"
387,03 Nov '19,"1,682,958.0383"
388,04 Nov '19,"39,488,670.759975"
389,05 Nov '19,"5,572,979.694975"
390,05 Nov '19,"5,572,979.694975"
391,06 Nov '19,"1,699,228.9316"
392,06 Nov '19,"1,699,228.9316"
393,07 Nov '19,"1,997,617.496825"
394,08 Nov '19,"6,758,623.943175"
395,08 Nov '19,"6,758,623.943175"
396,09 Nov '19,"1,504,936.15285"
397,09 Nov '19,"1,504,936.15285"
398,10 Nov '19,"31,661,249.690120082"
399,11 Nov '19,"3,711,361.807425"
400,11 Nov '19,"3,711,361.807425"
401,12 Nov '19,"13,937,292.879774999"
402,13 Nov '19,"2,478,094.897125"
403,13 Nov '19,"2,478,094.897125"
404,14 Nov '19,"2,011,653.7744"
405,14 Nov '19,"2,011,653.7744"
406,15 Nov '19,"19,184,280.376725"
407,16 Nov '19,"2,331,193.121025"
408,16 Nov '19,"2,331,193.121025"
409,17 Nov '19,"8,699,621.872949999"
410,18 Nov '19,"2,082,965.043175"
411,18 Nov '19,"2,082,965.043175"
412,19 Nov '19,"4,163,654.1223000004"
413,19 Nov '19,"4,163,654.1223000004"
414,20 Nov '19,"8,075,114.5192"
415,21 Nov '19,"5,374,644.351899999"
416,21 Nov '19,"5,374,644.351899999"
417,22 Nov '19,"25,606,800.22556466"
418,23 Nov '19,"4,694,488.7001"
419,23 Nov '19,"4,694,488.7001"
420,24 Nov '19,"9,857,177.26626719"
421,24 Nov '19,"9,857,177.26626719"
422,25 Nov '19,"37,439,148.10598676"
423,26 Nov '19,"8,610,458.004412098"
424,26 Nov '19,"8,610,458.004412098"
425,27 Nov '19,"44,061,449.96893"
426,27 Nov '19,"44,061,449.96893"
427,28 Nov '19,"5,354,645.167225"
428,29 Nov '19,"25,266,436.344329417"
429,29 Nov '19,"25,266,436.344329417"
430,30 Nov '19,"2,246,369.85525"
431,01 Dec '19,"3,284,332.970725"
432,01 Dec '19,"3,284,332.970725"
433,02 Dec '19,"3,997,922.3507749997"
434,02 Dec '19,"3,997,922.3507749997"
435,03 Dec '19,"3,076,153.77195"
436,04 Dec '19,"85,017,192.41368629"
437,04 Dec '19,"85,017,192.41368629"
438,05 Dec '19,"21,631,473.733519997"
439,06 Dec '19,"28,303,360.55092"
440,06 Dec '19,"28,303,360.55092"
441,07 Dec '19,"4,402,642.421715"
442,07 Dec '19,"4,402,642.421715"
443,08 Dec '19,"3,360,368.0265749996"
444,09 Dec '19,"15,689,251.55436682"
445,09 Dec '19,"15,689,251.55436682"
446,10 Dec '19,"2,106,084.79129"
447,11 Dec '19,"1,721,182.9739899999"
448,11 Dec '19,"1,721,182.9739899999"
449,12 Dec '19,"18,131,732.93807016"
450,12 Dec '19,"18,131,732.93807016"
451,13 Dec '19,"1,993,738.2380199998"
452,14 Dec '19,"881,274.3682499999"
453,14 Dec '19,"881,274.3682499999"
454,15 Dec '19,"15,487,479.974109998"
455,15 Dec '19,"15,487,479.974109998"
456,16 Dec '19,"4,091,676.2689900002"
457,17 Dec '19,"8,715,027.662104998"
458,17 Dec '19,"8,715,027.662104998"
459,18 Dec '19,"104,310,730.01948"
460,19 Dec '19,"4,560,367.293725"
461,19 Dec '19,"4,560,367.293725"
462,20 Dec '19,"5,145,124.92771"
463,20 Dec '19,"5,145,124.92771"
464,21 Dec '19,"573,450.784395"
465,22 Dec '19,"44,491,827.69324"
466,22 Dec '19,"44,491,827.69324"
467,23 Dec '19,"34,989,591.70167"
468,24 Dec '19,"5,550,561.76683"
469,24 Dec '19,"5,550,561.76683"
470,25 Dec '19,"3,126,133.30436534"
471,25 Dec '19,"3,126,133.30436534"
472,26 Dec '19,"14,682,138.572705"
473,27 Dec '19,"6,884,147.360830001"
474,27 Dec '19,"6,884,147.360830001"
475,28 Dec '19,"6,955,106.013939999"
476,28 Dec '19,"6,955,106.013939999"
477,29 Dec '19,"20,557,528.074055"
478,30 Dec '19,"1,181,596.2562850001"
479,30 Dec '19,"1,181,596.2562850001"
480,31 Dec '19,"4,777,167.499365001"
481,01 Jan '20,"1,646,035.7448250002"
482,01 Jan '20,"1,646,035.7448250002"
483,02 Jan '20,"1,111,588.7467200002"
484,02 Jan '20,"1,111,588.7467200002"
485,03 Jan '20,"54,748,712.29776273"
486,04 Jan '20,"4,890,047.713079999"
487,04 Jan '20,"4,890,047.713079999"
488,05 Jan '20,"11,175,800.856765"
489,06 Jan '20,"54,498,094.80387"
490,06 Jan '20,"54,498,094.80387"
491,07 Jan '20,"67,300,474.0888133"
492,07 Jan '20,"67,300,474.0888133"
493,08 Jan '20,"39,055,238.93458869"
494,09 Jan '20,"8,561,142.35684"
495,09 Jan '20,"8,561,142.35684"
496,10 Jan '20,"36,609,535.88119561"
497,11 Jan '20,"20,959,603.00767"
498,11 Jan '20,"20,959,603.00767"
499,12 Jan '20,"4,896,321.200855"
500,12 Jan '20,"4,896,321.200855"
501,13 Jan '20,"1,175,033.0425899997"
502,14 Jan '20,"126,199,543.2317081"
503,14 Jan '20,"126,199,543.2317081"
504,15 Jan '20,"15,526,103.27851"
505,15 Jan '20,"15,526,103.27851"
506,16 Jan '20,"6,713,151.56921"
507,17 Jan '20,"33,061,667.19997709"
508,17 Jan '20,"33,061,667.19997709"
509,18 Jan '20,"2,351,142.91476"
510,19 Jan '20,"41,724,478.04469033"
511,19 Jan '20,"41,724,478.04469033"
512,20 Jan '20,"7,021,530.131415"
513,20 Jan '20,"7,021,530.131415"
514,21 Jan '20,"7,170,716.111075"
515,22 Jan '20,"2,918,935.2093"
516,22 Jan '20,"2,918,935.2093"
517,23 Jan '20,"4,363,073.13946027"
518,24 Jan '20,"14,414,088.51959"
519,24 Jan '20,"14,414,088.51959"
520,25 Jan '20,"3,635,370.8140650005"
521,25 Jan '20,"3,635,370.8140650005"
522,26 Jan '20,"24,895,418.959578604"
523,27 Jan '20,"60,789,523.66370684"
524,27 Jan '20,"60,789,523.66370684"
525,28 Jan '20,"101,034,270.87181655"
526,29 Jan '20,"10,150,119.254885001"
527,29 Jan '20,"10,150,119.254885001"
528,30 Jan '20,"29,387,869.807805"
529,30 Jan '20,"29,387,869.807805"
530,31 Jan '20,"3,545,218.74118"
531,01 Feb '20,"3,740,163.659765"
532,01 Feb '20,"3,740,163.659765"
533,02 Feb '20,"6,857,995.024053501"
534,02 Feb '20,"6,857,995.024053501"
535,03 Feb '20,"20,395,317.854075573"
536,04 Feb '20,"4,461,305.196494999"
537,04 Feb '20,"4,461,305.196494999"
538,05 Feb '20,"73,282,929.06724721"
539,06 Feb '20,"15,048,024.002895001"
540,06 Feb '20,"15,048,024.002895001"
541,07 Feb '20,"5,621,542.313606"
542,07 Feb '20,"5,621,542.313606"
543,08 Feb '20,"12,650,804.14957839"
544,09 Feb '20,"56,018,551.84196"
545,09 Feb '20,"56,018,551.84196"
546,10 Feb '20,"5,034,869.759475"
547,11 Feb '20,"83,619,297.62233"
548,11 Feb '20,"83,619,297.62233"
549,12 Feb '20,"24,125,934.54094643"
550,12 Feb '20,"24,125,934.54094643"
551,13 Feb '20,"17,023,569.358459998"
552,14 Feb '20,"6,558,720.59885"
553,14 Feb '20,"6,558,720.59885"
554,15 Feb '20,"1,695,796.370063"
555,16 Feb '20,"12,580,357.35838975"
556,16 Feb '20,"12,580,357.35838975"
557,17 Feb '20,"6,055,889.44728"
558,17 Feb '20,"6,055,889.44728"
559,18 Feb '20,"38,181,200.96746"
560,19 Feb '20,"11,991,526.37777528"
561,19 Feb '20,"11,991,526.37777528"
562,20 Feb '20,"5,604,082.041595001"
563,20 Feb '20,"5,604,082.041595001"
564,21 Feb '20,"5,295,617.832665"
565,22 Feb '20,"1,672,482.6744000001"
566,22 Feb '20,"1,672,482.6744000001"
567,23 Feb '20,"32,423,473.42738"
568,24 Feb '20,"6,018,730.351955"
569,24 Feb '20,"6,018,730.351955"
570,25 Feb '20,"7,420,391.607205001"
571,25 Feb '20,"7,420,391.607205001"
572,26 Feb '20,"11,084,222.105984999"
573,27 Feb '20,"20,129,276.101944998"
574,27 Feb '20,"20,129,276.101944998"
575,28 Feb '20,"24,852,119.676405"
576,29 Feb '20,"1,680,518.03326"
577,29 Feb '20,"1,680,518.03326"
578,01 Mar '20,"12,322,158.125640001"
579,01 Mar '20,"12,322,158.125640001"
580,02 Mar '20,"19,694,515.254334997"
581,03 Mar '20,"6,115,698.352065001"
582,03 Mar '20,"6,115,698.352065001"
583,04 Mar '20,"1,662,816.3019849998"
584,05 Mar '20,"28,565,317.566077948"
585,05 Mar '20,"28,565,317.566077948"
586,06 Mar '20,"4,909,694.176190001"
587,06 Mar '20,"4,909,694.176190001"
588,07 Mar '20,"6,586,985.23376376"
589,08 Mar '20,"7,337,547.0714501105"
590,08 Mar '20,"7,337,547.0714501105"
591,09 Mar '20,"29,876,069.846024826"
592,09 Mar '20,"29,876,069.846024826"
593,10 Mar '20,"22,059,983.324585002"
594,11 Mar '20,"16,981,113.708574995"
595,11 Mar '20,"16,981,113.708574995"
596,12 Mar '20,"89,474,507.02482918"
597,13 Mar '20,"127,471,684.67168295"
598,13 Mar '20,"127,471,684.67168295"
599,14 Mar '20,"21,656,465.27465"
600,14 Mar '20,"21,656,465.27465"
601,15 Mar '20,"55,112,977.20070823"
602,16 Mar '20,"70,684,742.33477145"
603,16 Mar '20,"70,684,742.33477145"
604,17 Mar '20,"43,597,210.91333992"
605,18 Mar '20,"29,519,830.24172442"
606,18 Mar '20,"29,519,830.24172442"
607,19 Mar '20,"98,764,000.57981393"
608,19 Mar '20,"98,764,000.57981393"
609,20 Mar '20,"66,769,081.04757613"
610,21 Mar '20,"27,699,492.919645"
611,21 Mar '20,"27,699,492.919645"
612,22 Mar '20,"18,538,602.393880364"
613,23 Mar '20,"58,877,134.73342074"
614,23 Mar '20,"58,877,134.73342074"
615,24 Mar '20,"36,035,006.60158312"
616,24 Mar '20,"36,035,006.60158312"
617,25 Mar '20,"25,595,609.089824997"
618,26 Mar '20,"10,916,920.004755"
619,26 Mar '20,"10,916,920.004755"
620,27 Mar '20,"8,609,814.982705"
621,27 Mar '20,"8,609,814.982705"
622,28 Mar '20,"19,081,537.63803"
623,29 Mar '20,"6,430,813.513649999"
624,29 Mar '20,"6,430,813.513649999"
625,30 Mar '20,"80,605,166.82040738"
626,31 Mar '20,"6,867,902.9157"
627,31 Mar '20,"6,867,902.9157"
628,01 Apr '20,"55,340,797.42048549"
629,01 Apr '20,"55,340,797.42048549"
630,02 Apr '20,"86,707,352.75948955"
631,03 Apr '20,"18,293,860.709739998"
632,03 Apr '20,"18,293,860.709739998"
633,04 Apr '20,"35,684,652.93389"
634,05 Apr '20,"5,897,920.991920001"
635,05 Apr '20,"5,897,920.991920001"
636,06 Apr '20,"52,689,142.13384411"
637,06 Apr '20,"52,689,142.13384411"
638,07 Apr '20,"21,411,361.147990793"
639,08 Apr '20,"16,853,485.85424181"
640,08 Apr '20,"16,853,485.85424181"
641,09 Apr '20,"5,427,279.83319366"
642,09 Apr '20,"5,427,279.83319366"
643,10 Apr '20,"6,203,372.70848637"
644,11 Apr '20,"3,864,389.60428"
645,11 Apr '20,"3,864,389.60428"
646,12 Apr '20,"27,950,039.37607"
647,13 Apr '20,"15,607,871.913613599"
648,13 Apr '20,"15,607,871.913613599"
649,14 Apr '20,"8,614,737.48542"
650,14 Apr '20,"8,614,737.48542"
651,15 Apr '20,"2,622,795.9868900003"
652,16 Apr '20,"51,585,413.35158644"
653,16 Apr '20,"51,585,413.35158644"
654,17 Apr '20,"5,777,347.712960001"
655,18 Apr '20,"24,165,473.763255253"
656,18 Apr '20,"24,165,473.763255253"
657,19 Apr '20,"3,500,851.9428400006"
658,19 Apr '20,"3,500,851.9428400006"
659,20 Apr '20,"9,919,803.7125"
660,21 Apr '20,"6,801,679.6766099995"
661,21 Apr '20,"6,801,679.6766099995"
662,22 Apr '20,"29,805,541.58848"
663,23 Apr '20,"94,734,146.82168"
664,23 Apr '20,"94,734,146.82168"
665,24 Apr '20,"5,711,624.46844"
666,24 Apr '20,"5,711,624.46844"
667,25 Apr '20,"14,642,087.44984"
668,26 Apr '20,"11,410,817.26239473"
669,26 Apr '20,"11,410,817.26239473"
670,27 Apr '20,"19,198,549.14954233"
671,27 Apr '20,"19,198,549.14954233"
672,28 Apr '20,"2,161,441.23782"
673,29 Apr '20,"175,603,922.31990966"
674,29 Apr '20,"175,603,922.31990966"
675,30 Apr '20,"87,720,749.21020561"
676,01 May '20,"16,228,520.94235373"
677,01 May '20,"16,228,520.94235373"
678,02 May '20,"10,221,443.92916998"
679,02 May '20,"10,221,443.92916998"
680,03 May '20,"19,982,821.533950776"
681,04 May '20,"16,457,061.503002588"
682,04 May '20,"16,457,061.503002588"
683,05 May '20,"20,950,464.44106008"
684,06 May '20,"37,731,732.807733655"
685,06 May '20,"37,731,732.807733655"
686,07 May '20,"63,706,585.85630195"
687,07 May '20,"63,706,585.85630195"
688,08 May '20,"8,382,966.12024453"
689,09 May '20,"5,447,578.58877374"
690,09 May '20,"5,447,578.58877374"
691,10 May '20,"43,137,593.5059657"
692,11 May '20,"45,133,007.299518235"
693,11 May '20,"45,133,007.299518235"
694,12 May '20,"16,006,474.95106"
695,12 May '20,"16,006,474.95106"
696,13 May '20,"34,492,419.03802007"
697,14 May '20,"65,360,522.57340543"
698,14 May '20,"65,360,522.57340543"
699,15 May '20,"15,706,293.652579999"
700,15 May '20,"15,706,293.652579999"
701,16 May '20,"12,294,947.49893849"
702,17 May '20,"34,734,468.92432"
703,17 May '20,"34,734,468.92432"
704,18 May '20,"16,542,062.59372827"
705,19 May '20,"14,888,425.04697"
706,19 May '20,"14,888,425.04697"
707,20 May '20,"5,898,325.28549"
708,20 May '20,"5,898,325.28549"
709,21 May '20,"9,404,385.45383"
710,22 May '20,"9,841,731.65561"
711,22 May '20,"9,841,731.65561"
712,23 May '20,"4,971,768.23360938"
713,24 May '20,"8,832,895.56206"
714,24 May '20,"8,832,895.56206"
715,25 May '20,"14,978,082.449259998"
716,25 May '20,"14,978,082.449259998"
717,26 May '20,"8,226,212.4692400005"
718,27 May '20,"53,794,927.042868204"
719,27 May '20,"53,794,927.042868204"
720,28 May '20,"59,425,432.77814733"
721,29 May '20,"4,070,894.2005000003"
722,29 May '20,"4,070,894.2005000003"
723,30 May '20,"37,609,692.38159659"
724,30 May '20,"37,609,692.38159659"
725,31 May '20,"1,628,737.12491"
726,01 Jun '20,"231,895,835.4635099"
727,01 Jun '20,"231,895,835.4635099"
728,02 Jun '20,"8,884,702.36713"
729,02 Jun '20,"8,884,702.36713"
730,03 Jun '20,"10,922,509.726090001"
731,04 Jun '20,"25,471,524.48186"
732,04 Jun '20,"25,471,524.48186"
733,05 Jun '20,"1,889,568.2938499998"
734,06 Jun '20,"6,536,488.77357"
735,06 Jun '20,"6,536,488.77357"
736,07 Jun '20,"18,371,824.112"
737,07 Jun '20,"18,371,824.112"
738,08 Jun '20,"6,545,560.496759999"
739,09 Jun '20,"11,582,388.38419025"
740,09 Jun '20,"11,582,388.38419025"
741,10 Jun '20,"30,927,109.30895"
742,11 Jun '20,"10,119,610.326799998"
743,11 Jun '20,"10,119,610.326799998"
744,12 Jun '20,"9,921,327.950839998"
745,12 Jun '20,"9,921,327.950839998"
746,13 Jun '20,"3,472,610.62695"
747,14 Jun '20,"2,923,704.65562"
748,14 Jun '20,"2,923,704.65562"
749,15 Jun '20,"31,668,241.28007"
750,16 Jun '20,"16,724,027.595558299"
751,16 Jun '20,"16,724,027.595558299"
752,17 Jun '20,"4,919,584.31800248"
753,17 Jun '20,"4,919,584.31800248"
754,18 Jun '20,"1,784,538.77041"
755,19 Jun '20,"4,992,082.355280001"
756,19 Jun '20,"4,992,082.355280001"
757,20 Jun '20,"10,437,900.821729999"
758,20 Jun '20,"10,437,900.821729999"
759,21 Jun '20,"1,394,545.9592900001"
760,22 Jun '20,"56,658,048.54214911"
761,22 Jun '20,"56,658,048.54214911"
762,23 Jun '20,"969,692.5349"
763,24 Jun '20,"2,400,053.8803999997"
764,24 Jun '20,"2,400,053.8803999997"
765,25 Jun '20,"11,311,725.09130143"
766,25 Jun '20,"11,311,725.09130143"
767,26 Jun '20,"9,552,594.143749999"
768,27 Jun '20,"11,542,756.30463"
769,27 Jun '20,"11,542,756.30463"
770,28 Jun '20,"16,809,935.36149297"
771,29 Jun '20,"9,337,110.55509"
772,29 Jun '20,"9,337,110.55509"
773,30 Jun '20,"674,410.1962799999"
774,30 Jun '20,"674,410.1962799999"
775,01 Jul '20,"13,021,311.28709"
776,02 Jul '20,"3,305,883.87763"
777,02 Jul '20,"3,305,883.87763"
778,03 Jul '20,"278,480.56262"
779,03 Jul '20,"278,480.56262"
780,04 Jul '20,"12,201,673.357859999"
781,05 Jul '20,"3,958,899.2766"
782,05 Jul '20,"3,958,899.2766"
783,06 Jul '20,"31,493,726.734279998"
784,07 Jul '20,"1,494,526.48217"
785,07 Jul '20,"1,494,526.48217"
786,08 Jul '20,"29,646,002.6164363"
787,08 Jul '20,"29,646,002.6164363"
788,09 Jul '20,"938,104.92257"
789,10 Jul '20,"14,462,266.921609228"
790,10 Jul '20,"14,462,266.921609228"
791,11 Jul '20,"392,308.94697"
792,12 Jul '20,"16,636,241.97044"
793,12 Jul '20,"16,636,241.97044"
794,13 Jul '20,"1,838,349.9707799999"
795,13 Jul '20,"1,838,349.9707799999"
796,14 Jul '20,"2,433,885.39758"
797,15 Jul '20,"373,906.49969"
798,15 Jul '20,"373,906.49969"
799,16 Jul '20,"926,788.12442"
800,17 Jul '20,"1,640,315.04027"
801,17 Jul '20,"1,640,315.04027"
802,18 Jul '20,"5,420,783.96761"
803,18 Jul '20,"5,420,783.96761"
804,19 Jul '20,"7,097,238.40145"
805,20 Jul '20,"312,105.70924"
806,20 Jul '20,"312,105.70924"
807,21 Jul '20,"53,541,097.013507806"
808,21 Jul '20,"53,541,097.013507806"
809,22 Jul '20,"44,907,429.54938"
810,23 Jul '20,"32,633,599.13797628"
811,23 Jul '20,"32,633,599.13797628"
812,24 Jul '20,"4,505,072.32076"
813,25 Jul '20,"21,292,312.278286457"
814,25 Jul '20,"21,292,312.278286457"
815,26 Jul '20,"178,915,110.6920239"
816,26 Jul '20,"178,915,110.6920239"
817,27 Jul '20,"308,943,756.25673264"
818,28 Jul '20,"29,747,326.54222"
819,28 Jul '20,"29,747,326.54222"
820,29 Jul '20,"22,580,710.59545"
821,30 Jul '20,"5,969,057.25261"
822,30 Jul '20,"5,969,057.25261"
823,31 Jul '20,"26,770,221.470810004"
824,31 Jul '20,"26,770,221.470810004"
825,01 Aug '20,"56,396,022.5938556"
826,02 Aug '20,"43,294,633.07212625"
827,02 Aug '20,"43,294,633.07212625"
828,03 Aug '20,"10,431,589.843136922"
829,04 Aug '20,"2,760,079.9122599997"
830,04 Aug '20,"2,760,079.9122599997"
831,05 Aug '20,"37,582,289.1680232"
832,05 Aug '20,"37,582,289.1680232"
833,06 Aug '20,"10,444,116.562428638"
834,07 Aug '20,"3,712,371.42497"
835,07 Aug '20,"3,712,371.42497"
836,08 Aug '20,"7,972,518.0908124"
837,08 Aug '20,"7,972,518.0908124"
838,09 Aug '20,"2,177,993.79427742"
839,10 Aug '20,"38,944,447.039400004"
840,10 Aug '20,"38,944,447.039400004"
841,11 Aug '20,"10,414,065.781369999"
842,12 Aug '20,"8,890,251.59374"
843,12 Aug '20,"8,890,251.59374"
844,13 Aug '20,"24,449,167.7131076"
845,13 Aug '20,"24,449,167.7131076"
846,14 Aug '20,"5,730,657.363910001"
847,15 Aug '20,"16,846,247.04808"
848,15 Aug '20,"16,846,247.04808"
849,16 Aug '20,"4,765,295.942139999"
850,17 Aug '20,"98,930,249.07233"
851,17 Aug '20,"98,930,249.07233"
852,18 Aug '20,"3,051,618.3331199996"
853,18 Aug '20,"3,051,618.3331199996"
854,19 Aug '20,"3,968,522.61624"
855,20 Aug '20,"4,525,193.64914"
856,20 Aug '20,"4,525,193.64914"
857,21 Aug '20,"2,027,790.3610999999"
858,22 Aug '20,"5,389,988.151880001"
859,22 Aug '20,"5,389,988.151880001"
860,23 Aug '20,"4,287,912.574949999"
861,23 Aug '20,"4,287,912.574949999"
862,24 Aug '20,"5,097,620.251929999"
863,25 Aug '20,"5,652,588.09735"
864,25 Aug '20,"5,652,588.09735"
865,26 Aug '20,"16,206,436.299549999"
866,26 Aug '20,"16,206,436.299549999"
867,27 Aug '20,"11,198,748.62473"
868,28 Aug '20,"7,686,228.8152600005"
869,28 Aug '20,"7,686,228.8152600005"
870,29 Aug '20,"3,012,930.6393"
871,30 Aug '20,"18,391,231.66996"
872,30 Aug '20,"18,391,231.66996"
873,31 Aug '20,"13,732,834.54247"
874,31 Aug '20,"13,732,834.54247"
875,01 Sep '20,"26,883,522.75899"
876,02 Sep '20,"4,554,724.7154511195"
877,02 Sep '20,"4,554,724.7154511195"
878,03 Sep '20,"16,875,994.175339997"
879,04 Sep '20,"25,930,798.64024"
880,04 Sep '20,"25,930,798.64024"
881,05 Sep '20,"20,154,960.7138"
882,05 Sep '20,"20,154,960.7138"
883,06 Sep '20,"7,313,678.47787633"
884,07 Sep '20,"21,479,639.348922033"
885,07 Sep '20,"21,479,639.348922033"
886,08 Sep '20,"14,154,427.926840002"
887,08 Sep '20,"14,154,427.926840002"
888,09 Dec '19,"15,689,251.55436682"
889,09 Dec '19,"15,689,251.55436682"
