,Date,exchange-whale-ratio
17,30/03/2019,0.44988483
18,31/03/2019,0.45919491
19,01/04/2019,0.35713697
20,02/04/2019,0.28391874
21,03/04/2019,0.28538697
22,04/04/2019,0.35645348
23,05/04/2019,0.35501976
24,06/04/2019,0.37305781
25,07/04/2019,0.34852091
26,08/04/2019,0.42989942
27,09/04/2019,0.38485009
28,10/04/2019,0.38475837
29,11/04/2019,0.35544434
30,12/04/2019,0.43219322
31,13/04/2019,0.54022201
32,14/04/2019,0.59020671
33,15/04/2019,0.443574
34,16/04/2019,0.4079339
35,17/04/2019,0.38349944
36,18/04/2019,0.36492021
37,19/04/2019,0.39479131
38,20/04/2019,0.40556616
39,21/04/2019,0.45638835
40,22/04/2019,0.41198935
41,23/04/2019,0.30554847
42,24/04/2019,0.37012502
43,25/04/2019,0.37850775
44,26/04/2019,0.38372963
45,27/04/2019,0.44302669
46,28/04/2019,0.46852917
47,29/04/2019,0.43667067
48,30/04/2019,0.49446853
49,01/05/2019,0.49132778
50,02/05/2019,0.39353867
51,03/05/2019,0.39021214
52,04/05/2019,0.39638198
53,05/05/2019,0.42582989
54,06/05/2019,0.39226971
55,07/05/2019,0.31148217
56,08/05/2019,0.42770892
57,09/05/2019,0.46277448
58,10/05/2019,0.43918941
59,11/05/2019,0.44605025
60,12/05/2019,0.45915962
61,13/05/2019,0.40205927
62,14/05/2019,0.43923595
63,15/05/2019,0.42780528
64,16/05/2019,0.38577834
65,17/05/2019,0.34367207
66,18/05/2019,0.38605811
67,19/05/2019,0.39060782
68,20/05/2019,0.41189046
69,21/05/2019,0.35393112
70,22/05/2019,0.38658317
71,23/05/2019,0.43736644
72,24/05/2019,0.41154238
73,25/05/2019,0.3704888
74,26/05/2019,0.39057107
75,27/05/2019,0.31241999
76,28/05/2019,0.35989127
77,29/05/2019,0.33994021
78,30/05/2019,0.32716516
79,31/05/2019,0.42846458
80,01/06/2019,0.37570903
81,02/06/2019,0.3955901
82,03/06/2019,0.43224989
83,04/06/2019,0.31137883
84,05/06/2019,0.38485628
85,06/06/2019,0.43490751
86,07/06/2019,0.36447648
87,08/06/2019,0.380954
88,09/06/2019,0.35101738
89,10/06/2019,0.37099676
90,11/06/2019,0.41500411
91,12/06/2019,0.38078659
92,13/06/2019,0.35800569
93,14/06/2019,0.28519318
94,15/06/2019,0.35434828
95,16/06/2019,0.37219051
96,17/06/2019,0.34859357
97,18/06/2019,0.38488278
98,19/06/2019,0.42566268
99,20/06/2019,0.29108677
100,21/06/2019,0.35084741
101,22/06/2019,0.27823737
102,23/06/2019,0.31487794
103,24/06/2019,0.38000645
104,25/06/2019,0.35075106
105,26/06/2019,0.26397196
106,27/06/2019,0.29252383
107,28/06/2019,0.39057119
108,29/06/2019,0.37800568
109,30/06/2019,0.6131169
110,01/07/2019,0.40479603
111,02/07/2019,0.36642644
112,03/07/2019,0.39094091
113,04/07/2019,0.36815684
114,05/07/2019,0.4181235
115,06/07/2019,0.408844
116,07/07/2019,0.5028124
117,08/07/2019,0.46591043
118,09/07/2019,0.34968877
119,10/07/2019,0.33660443
120,11/07/2019,0.46881816
121,12/07/2019,0.43934368
122,13/07/2019,0.53889805
123,14/07/2019,0.42337791
124,15/07/2019,0.39479196
125,16/07/2019,0.38123292
126,17/07/2019,0.41586185
127,18/07/2019,0.48158124
128,19/07/2019,0.50215975
129,20/07/2019,0.53872556
130,21/07/2019,0.4408466
131,22/07/2019,0.46487987
132,23/07/2019,0.46609641
133,24/07/2019,0.46983633
134,25/07/2019,0.43640539
135,26/07/2019,0.49172268
136,27/07/2019,0.47791758
137,28/07/2019,0.54324204
138,29/07/2019,0.42831331
139,30/07/2019,0.47434508
140,31/07/2019,0.43244616
141,01/08/2019,0.40601733
142,02/08/2019,0.47317476
143,03/08/2019,0.46356363
144,04/08/2019,0.45153889
145,05/08/2019,0.3766315
146,06/08/2019,0.40494854
147,07/08/2019,0.43284716
148,08/08/2019,0.41830115
149,09/08/2019,0.37930857
150,10/08/2019,0.4371456
151,11/08/2019,0.51798055
152,12/08/2019,0.48073743
153,13/08/2019,0.40124221
154,14/08/2019,0.37647359
155,15/08/2019,0.38595439
156,16/08/2019,0.43095107
157,17/08/2019,0.40911574
158,18/08/2019,0.5489404
159,19/08/2019,0.41527582
160,20/08/2019,0.38423043
161,21/08/2019,0.48926762
162,22/08/2019,0.39173725
163,23/08/2019,0.41071194
164,24/08/2019,0.44857351
165,25/08/2019,0.47450023
166,26/08/2019,0.42253165
167,27/08/2019,0.46590359
168,28/08/2019,0.41422253
169,29/08/2019,0.35493761
170,30/08/2019,0.41816746
171,31/08/2019,0.40500605
172,01/09/2019,0.3995072
173,02/09/2019,0.35045805
174,03/09/2019,0.34611708
175,04/09/2019,0.36782444
176,05/09/2019,0.47523502
177,06/09/2019,0.34221902
178,07/09/2019,0.48603083
179,08/09/2019,0.41490175
180,09/09/2019,0.39607821
181,10/09/2019,0.3598356
182,11/09/2019,0.33650273
183,12/09/2019,0.3727173
184,13/09/2019,0.45134061
185,14/09/2019,0.45991069
186,15/09/2019,0.40334457
187,16/09/2019,0.37794802
188,17/09/2019,0.36039836
189,18/09/2019,0.34678507
190,19/09/2019,0.36421696
191,20/09/2019,0.41012468
192,21/09/2019,0.46107638
193,22/09/2019,0.45250425
194,23/09/2019,0.40799798
195,24/09/2019,0.37903923
196,25/09/2019,0.38723083
197,26/09/2019,0.34730188
198,27/09/2019,0.38434578
199,28/09/2019,0.52289208
200,29/09/2019,0.48062025
201,30/09/2019,0.41988224
202,01/10/2019,0.40152501
203,02/10/2019,0.41849271
204,03/10/2019,0.43308969
205,04/10/2019,0.44867582
206,05/10/2019,0.43083325
207,06/10/2019,0.54236467
208,07/10/2019,0.42290795
209,08/10/2019,0.44607376
210,09/10/2019,0.41479787
211,10/10/2019,0.44574704
212,11/10/2019,0.46745195
213,12/10/2019,0.46580972
214,13/10/2019,0.60836667
215,14/10/2019,0.48665924
216,15/10/2019,0.45136224
217,16/10/2019,0.49527508
218,17/10/2019,0.56605523
219,18/10/2019,0.45940156
220,19/10/2019,0.38285295
221,20/10/2019,0.46363028
222,21/10/2019,0.46484675
223,22/10/2019,0.40857061
224,23/10/2019,0.35635409
225,24/10/2019,0.48090134
226,25/10/2019,0.36017754
227,26/10/2019,0.3407247
228,27/10/2019,0.42882854
229,28/10/2019,0.38313943
230,29/10/2019,0.35982034
231,30/10/2019,0.4476194
232,31/10/2019,0.40705941
233,01/11/2019,0.41224461
234,02/11/2019,0.4771633
235,03/11/2019,0.54653258
236,04/11/2019,0.41184403
237,05/11/2019,0.40590319
238,06/11/2019,0.48100865
239,07/11/2019,0.45396804
240,08/11/2019,0.42952642
241,09/11/2019,0.51765801
242,10/11/2019,0.4841866
243,11/11/2019,0.44111125
244,12/11/2019,0.53393495
245,13/11/2019,0.42203867
246,14/11/2019,0.46726195
247,15/11/2019,0.47500775
248,16/11/2019,0.48781211
249,17/11/2019,0.45173766
250,18/11/2019,0.49712308
251,19/11/2019,0.40573665
252,20/11/2019,0.44209732
253,21/11/2019,0.37665593
254,22/11/2019,0.31034286
255,23/11/2019,0.54948944
256,24/11/2019,0.51802049
257,25/11/2019,0.383059
258,26/11/2019,0.46713502
259,27/11/2019,0.45431184
260,28/11/2019,0.42800328
261,29/11/2019,0.46551866
262,30/11/2019,0.51439656
263,01/12/2019,0.51480209
264,02/12/2019,0.51782664
265,03/12/2019,0.40130343
266,04/12/2019,0.39882891
267,05/12/2019,0.45107506
268,06/12/2019,0.42999458
269,07/12/2019,0.50342373
270,08/12/2019,0.56552406
271,09/12/2019,0.51214276
272,10/12/2019,0.42292187
273,11/12/2019,0.4851594
274,12/12/2019,0.44545961
275,13/12/2019,0.50764942
276,14/12/2019,0.51997465
277,15/12/2019,0.52500327
278,16/12/2019,0.41399161
279,17/12/2019,0.35338801
280,18/12/2019,0.3363692
281,19/12/2019,0.37148452
282,20/12/2019,0.45924664
283,21/12/2019,0.49750899
284,22/12/2019,0.48451911
285,23/12/2019,0.38448755
286,24/12/2019,0.45751635
287,25/12/2019,0.51572409
288,26/12/2019,0.46990991
289,27/12/2019,0.46512159
290,28/12/2019,0.43783619
291,29/12/2019,0.53633326
292,30/12/2019,0.45532784
293,31/12/2019,0.45225676
294,01/01/2020,0.62560307
295,02/01/2020,0.49202597
296,03/01/2020,0.41301169
297,04/01/2020,0.55418518
298,05/01/2020,0.46645492
299,06/01/2020,0.37731515
300,07/01/2020,0.3543629
301,08/01/2020,0.4209332
302,09/01/2020,0.3662984
303,10/01/2020,0.47537138
304,11/01/2020,0.42905771
305,12/01/2020,0.50346404
306,13/01/2020,0.48237717
307,14/01/2020,0.34721409
308,15/01/2020,0.34884691
309,16/01/2020,0.39144546
310,17/01/2020,0.36250609
311,18/01/2020,0.44746523
312,19/01/2020,0.41717254
313,20/01/2020,0.42679239
314,21/01/2020,0.47196874
315,22/01/2020,0.53782469
316,23/01/2020,0.52559783
317,24/01/2020,0.53288713
318,25/01/2020,0.48589363
319,26/01/2020,0.61008036
320,27/01/2020,0.48647364
321,28/01/2020,0.37570222
322,29/01/2020,0.39438006
323,30/01/2020,0.44084564
324,31/01/2020,0.40171481
325,01/02/2020,0.46765894
326,02/02/2020,0.48204451
327,03/02/2020,0.48463588
328,04/02/2020,0.42319067
329,05/02/2020,0.35697679
330,06/02/2020,0.36608943
331,07/02/2020,0.40401787
332,08/02/2020,0.41537858
333,09/02/2020,0.39380018
334,10/02/2020,0.3841365
335,11/02/2020,0.33475146
336,12/02/2020,0.33745964
337,13/02/2020,0.35640377
338,14/02/2020,0.41625013
339,15/02/2020,0.41204118
340,16/02/2020,0.47046706
341,17/02/2020,0.42643786
342,18/02/2020,0.43155097
343,19/02/2020,0.39757495
344,20/02/2020,0.42932866
345,21/02/2020,0.44289159
346,22/02/2020,0.55925924
347,23/02/2020,0.54978594
348,24/02/2020,0.4394736
349,25/02/2020,0.44551052
350,26/02/2020,0.32211362
351,27/02/2020,0.38658542
352,28/02/2020,0.43551344
353,29/02/2020,0.41004969
354,01/03/2020,0.48492117
355,02/03/2020,0.44356756
356,03/03/2020,0.47385434
357,04/03/2020,0.42990567
358,05/03/2020,0.40833225
359,06/03/2020,0.46840429
360,07/03/2020,0.46331444
361,08/03/2020,0.38081941
362,09/03/2020,0.4078655
363,10/03/2020,0.4177417
364,11/03/2020,0.43795989
365,12/03/2020,0.30097476
366,13/03/2020,0.33587169
367,14/03/2020,0.41613883
368,15/03/2020,0.36317033
369,16/03/2020,0.34236169
370,17/03/2020,0.42757028
371,18/03/2020,0.35326567
372,19/03/2020,0.31274951
373,20/03/2020,0.36872185
374,21/03/2020,0.40817489
375,22/03/2020,0.4367933
376,23/03/2020,0.40068257
377,24/03/2020,0.38711899
378,25/03/2020,0.41256275
379,26/03/2020,0.45124563
380,27/03/2020,0.46065197
381,28/03/2020,0.44328618
382,29/03/2020,0.58385078
383,30/03/2020,0.40933969
384,31/03/2020,0.43118342
385,01/04/2020,0.46108455
386,02/04/2020,0.38024111
387,03/04/2020,0.44781548
388,04/04/2020,0.60251184
389,05/04/2020,0.61757456
390,06/04/2020,0.46300184
391,07/04/2020,0.45059828
392,08/04/2020,0.47445767
393,09/04/2020,0.56425737
394,10/04/2020,0.42489995
395,11/04/2020,0.48038507
396,12/04/2020,0.5412823
397,13/04/2020,0.39061201
398,14/04/2020,0.3854225
399,15/04/2020,0.51493618
400,16/04/2020,0.46356014
401,17/04/2020,0.46934535
402,18/04/2020,0.49889462
403,19/04/2020,0.61271176
404,20/04/2020,0.35237684
405,21/04/2020,0.45898459
406,22/04/2020,0.36253225
407,23/04/2020,0.34540434
408,24/04/2020,0.43201033
409,25/04/2020,0.45650683
410,26/04/2020,0.46231471
411,27/04/2020,0.42064178
412,28/04/2020,0.43357845
413,29/04/2020,0.3551517
414,30/04/2020,0.31631119
415,01/05/2020,0.42908608
416,02/05/2020,0.46399588
417,03/05/2020,0.51321432
418,04/05/2020,0.44337614
419,05/05/2020,0.40561134
420,06/05/2020,0.35020079
421,07/05/2020,0.33751455
422,08/05/2020,0.34312657
423,09/05/2020,0.47956186
424,10/05/2020,0.37888277
425,11/05/2020,0.37677631
426,12/05/2020,0.35532128
427,13/05/2020,0.45835805
428,14/05/2020,0.39342196
429,15/05/2020,0.44398696
430,16/05/2020,0.39808265
431,17/05/2020,0.49320732
432,18/05/2020,0.52217014
433,19/05/2020,0.42354186
434,20/05/2020,0.41583803
435,21/05/2020,0.43851771
436,22/05/2020,0.43690521
437,23/05/2020,0.4570944
438,24/05/2020,0.4684761
439,25/05/2020,0.45082205
440,26/05/2020,0.43665551
441,27/05/2020,0.44658058
442,28/05/2020,0.42143095
443,29/05/2020,0.43664378
444,30/05/2020,0.45726739
445,31/05/2020,0.5355502
446,01/06/2020,0.41051757
447,02/06/2020,0.37437346
448,03/06/2020,0.45331501
449,04/06/2020,0.42793065
450,05/06/2020,0.51657568
451,06/06/2020,0.50065358
452,07/06/2020,0.48393978
453,08/06/2020,0.43251611
454,09/06/2020,0.43716386
455,10/06/2020,0.41451731
456,11/06/2020,0.37090074
457,12/06/2020,0.44885018
458,13/06/2020,0.49212527
459,14/06/2020,0.5200998
460,15/06/2020,0.46802641
461,16/06/2020,0.40700523
462,17/06/2020,0.41519182
463,18/06/2020,0.47330392
464,19/06/2020,0.47374321
465,20/06/2020,0.44262393
466,21/06/2020,0.45194008
467,22/06/2020,0.36966527
468,23/06/2020,0.44957836
469,24/06/2020,0.44105496
470,25/06/2020,0.52140807
471,26/06/2020,0.49110984
472,27/06/2020,0.38971858
473,28/06/2020,0.39399445
474,29/06/2020,0.44665731
475,30/06/2020,0.36079555
476,01/07/2020,0.40194434
477,02/07/2020,0.39377058
478,03/07/2020,0.35068865
479,04/07/2020,0.36397887
480,05/07/2020,0.44321668
481,06/07/2020,0.36452427
482,07/07/2020,0.38042031
483,08/07/2020,0.34088406
484,09/07/2020,0.35997099
485,10/07/2020,0.41406384
486,11/07/2020,0.40205479
487,12/07/2020,0.42382237
488,13/07/2020,0.40839459
489,14/07/2020,0.38417096
490,15/07/2020,0.37418245
491,16/07/2020,0.36499832
492,17/07/2020,0.39203203
493,18/07/2020,0.335498
494,19/07/2020,0.39245834
495,20/07/2020,0.37963477
496,21/07/2020,0.37930774
497,22/07/2020,0.40259088
498,23/07/2020,0.36739994
499,24/07/2020,0.37572445
500,25/07/2020,0.45634317
501,26/07/2020,0.41253309
502,27/07/2020,0.29214627
503,28/07/2020,0.30874031
504,29/07/2020,0.33438345
505,30/07/2020,0.36441979
506,31/07/2020,0.3649434
507,01/08/2020,0.38159053
508,02/08/2020,0.42187236
509,03/08/2020,0.37949978
510,04/08/2020,0.40702161
511,05/08/2020,0.35092989
512,06/08/2020,0.38364227
513,07/08/2020,0.35912859
514,08/08/2020,0.45199688
515,09/08/2020,0.4520369
516,10/08/2020,0.36160641
517,11/08/2020,0.34665667
518,12/08/2020,0.34983232
519,13/08/2020,0.31777749
520,14/08/2020,0.41214344
521,15/08/2020,0.40003503
522,16/08/2020,0.43254362
523,17/08/2020,0.31685279
524,18/08/2020,0.30732718
525,19/08/2020,0.36976353
526,20/08/2020,0.35984864
527,21/08/2020,0.37855587
528,22/08/2020,0.36545236
529,23/08/2020,0.3687729
530,24/08/2020,0.35959844
531,25/08/2020,0.33033978
532,26/08/2020,0.42706803
533,27/08/2020,0.37380069
534,28/08/2020,0.42684725
535,29/08/2020,0.41891003
536,30/08/2020,0.43187087
537,31/08/2020,0.41081977
538,01/09/2020,0.33486786
539,02/09/2020,0.34448215
540,03/09/2020,0.40644035
541,04/09/2020,0.3401289
542,05/09/2020,0.38783455
543,06/09/2020,0.40253197
544,07/09/2020,0.39656572
545,08/09/2020,0.37387643
546,09/09/2020,0.41035109
547,10/09/2020,0.40190009
548,11/09/2020,0.38090971
549,12/09/2020,0.42800678
550,13/09/2020,0.39654849
551,14/09/2020,0.35608402
552,15/09/2020,0.35991659
553,16/09/2020,0.39184186
554,17/09/2020,0.35741099
555,18/09/2020,0.4063622
556,19/09/2020,0.38750428
557,20/09/2020,0.45383907
558,21/09/2020,0.40929419
559,22/09/2020,0.45290485
560,23/09/2020,0.43044817
561,24/09/2020,0.46178859
562,25/09/2020,0.41083703
563,26/09/2020,0.44794517
564,27/09/2020,0.49283673
565,28/09/2020,0.4596408
566,29/09/2020,0.41620492
567,30/09/2020,0.38364181
568,01/10/2020,0.41289927
569,02/10/2020,0.41675127
570,03/10/2020,0.49008399
571,04/10/2020,0.47410435
572,05/10/2020,0.42651189
573,06/10/2020,0.44371755
574,07/10/2020,0.39462983
575,08/10/2020,0.40598356
576,09/10/2020,0.34264897
577,10/10/2020,0.43693197
578,11/10/2020,0.4473911
579,12/10/2020,0.42933457
580,13/10/2020,0.41157715
581,14/10/2020,0.46523805
582,15/10/2020,0.37122748
583,16/10/2020,0.48520469
584,17/10/2020,0.43633335
585,18/10/2020,0.42295852
586,19/10/2020,0.36338715
587,20/10/2020,0.29016808
588,21/10/2020,0.2749555
589,22/10/2020,0.32301816
590,23/10/2020,0.38760832
591,24/10/2020,0.42334448
592,25/10/2020,0.51071232
593,26/10/2020,0.45252408
594,27/10/2020,0.34674627
595,28/10/2020,0.38134619
596,29/10/2020,0.42209498
597,30/10/2020,0.44350278
598,31/10/2020,0.31809481
599,01/11/2020,0.36525584
600,02/11/2020,0.37758506
601,03/11/2020,0.31688605
602,04/11/2020,0.31878447
603,05/11/2020,0.31086215
604,06/11/2020,0.28303955
605,07/11/2020,0.31342528
606,08/11/2020,0.40524748
607,09/11/2020,0.37886212
608,10/11/2020,0.43852526
609,11/11/2020,0.37156178
610,12/11/2020,0.34694338
611,13/11/2020,0.40498443
612,14/11/2020,0.56160676
613,15/11/2020,0.40810424
614,16/11/2020,0.39237859
615,17/11/2020,0.32146258
616,18/11/2020,0.31674744
617,19/11/2020,0.32769373
618,20/11/2020,0.42897995
619,21/11/2020,0.3913693
620,22/11/2020,0.33963945
621,23/11/2020,0.36352903
622,24/11/2020,0.28505614
623,25/11/2020,0.34192605
624,26/11/2020,0.40307976
625,27/11/2020,0.45652414
626,28/11/2020,0.36565055
627,29/11/2020,0.53648728
628,30/11/2020,0.40721667
629,01/12/2020,0.30628478
630,02/12/2020,0.39393183
631,03/12/2020,0.44631661
632,04/12/2020,0.3977473
633,05/12/2020,0.39382797
634,06/12/2020,0.423392
635,07/12/2020,0.41629689
636,08/12/2020,0.36799232
637,09/12/2020,0.3676373
638,10/12/2020,0.49621102
639,11/12/2020,0.56093377
640,12/12/2020,0.59745506
641,13/12/2020,0.51443525
642,14/12/2020,0.43835146
643,15/12/2020,0.41017957
644,16/12/2020,0.53810818
645,17/12/2020,0.30737343
646,18/12/2020,0.38637495
647,19/12/2020,0.36425217
648,20/12/2020,0.37052404
649,21/12/2020,0.45571116
650,22/12/2020,0.38553143
651,23/12/2020,0.42508376
652,24/12/2020,0.45927009
653,25/12/2020,0.35831006
654,26/12/2020,0.31984844
655,27/12/2020,0.39362156
656,28/12/2020,0.35608181
657,29/12/2020,0.33761837
658,30/12/2020,0.3847773
659,31/12/2020,0.35401204
660,01/01/2021,0.34239867
661,02/01/2021,0.25996653
662,03/01/2021,0.32202724
663,04/01/2021,0.29576352
664,05/01/2021,0.26417723
665,06/01/2021,0.29444869
666,07/01/2021,0.27351859
667,08/01/2021,0.33439523
668,09/01/2021,0.34965479
669,10/01/2021,0.33812078
670,11/01/2021,0.28624895
671,12/01/2021,0.32307252
672,13/01/2021,0.36155542
673,14/01/2021,0.40583726
674,15/01/2021,0.54703058
675,16/01/2021,0.3830395
676,17/01/2021,0.32427188
677,18/01/2021,0.38948003
678,19/01/2021,0.4862517
679,20/01/2021,0.44945426
680,21/01/2021,0.3317492
681,22/01/2021,0.3198572
682,23/01/2021,0.42457862
683,24/01/2021,0.35156156
684,25/01/2021,0.39402606
685,26/01/2021,0.3591181
686,27/01/2021,0.34619336
687,28/01/2021,0.28303021
688,29/01/2021,0.2943486
689,30/01/2021,0.41698945
690,31/01/2021,0.35743718
691,01/02/2021,0.40304752
692,02/02/2021,0.32552255
693,03/02/2021,0.34797855
694,04/02/2021,0.31731742
695,05/02/2021,0.42491385
696,06/02/2021,0.2884372
697,07/02/2021,0.32640766
698,08/02/2021,0.35367905
699,09/02/2021,0.29324949
700,10/02/2021,0.37302439
701,11/02/2021,0.32513755
702,12/02/2021,0.4076077
703,13/02/2021,0.35672783
704,14/02/2021,0.31403107
705,15/02/2021,0.31105993
706,16/02/2021,0.34384989
707,17/02/2021,0.34214172
708,18/02/2021,0.31090153
709,19/02/2021,0.30802733
710,20/02/2021,0.33606156
711,21/02/2021,0.65099128
712,22/02/2021,0.3325078
713,23/02/2021,0.35625823
714,24/02/2021,0.34213952
715,25/02/2021,0.41954556
716,26/02/2021,0.43576305
717,27/02/2021,0.38650388
718,28/02/2021,0.3549986
719,01/03/2021,0.28836128
720,02/03/2021,0.3803952
721,03/03/2021,0.37069131
722,04/03/2021,0.37105206
723,05/03/2021,0.46218626
724,06/03/2021,0.50029085
725,07/03/2021,0.40117147
726,08/03/2021,0.4032414
727,09/03/2021,0.34242084
728,10/03/2021,0.32307126
729,11/03/2021,0.32762596
730,12/03/2021,0.40249839
731,13/03/2021,0.35913642
732,14/03/2021,0.6599576
733,15/03/2021,0.39227642
734,16/03/2021,0.38516695
735,17/03/2021,0.46475598
736,18/03/2021,0.41645571
737,19/03/2021,0.45434214
738,20/03/2021,0.423496
739,21/03/2021,0.36114969
740,22/03/2021,0.43260611
741,23/03/2021,0.41920515
742,24/03/2021,0.37709075
743,25/03/2021,0.41008434
744,26/03/2021,0.43236591
745,27/03/2021,0.41294425
746,28/03/2021,0.37460589
747,29/03/2021,0.45809168
748,30/03/2021,0.35348913
749,31/03/2021,0.41353692
750,01/04/2021,0.37634841
751,02/04/2021,0.45996789
752,03/04/2021,0.3598511
753,04/04/2021,0.46720244
754,05/04/2021,0.31695928
755,06/04/2021,0.42219514
756,07/04/2021,0.34095541
757,08/04/2021,0.39566881
758,09/04/2021,0.38460593
759,10/04/2021,0.41539917
760,11/04/2021,0.40403711
761,12/04/2021,0.4089434
762,13/04/2021,0.33341981
763,14/04/2021,0.35840802
764,15/04/2021,0.34516326
765,16/04/2021,0.37858514
766,17/04/2021,0.3803581
767,18/04/2021,0.35672959
768,19/04/2021,0.34038054
769,20/04/2021,0.40551115
770,21/04/2021,0.4709201
771,22/04/2021,0.51080045
772,23/04/2021,0.30245183
773,24/04/2021,0.39295824
774,25/04/2021,0.41001742
775,26/04/2021,0.37433161
776,27/04/2021,0.42834872
777,28/04/2021,0.36713366
778,29/04/2021,0.33599491
779,30/04/2021,0.49480679
780,01/05/2021,0.34120936
781,02/05/2021,0.36016074
782,03/05/2021,0.48591673
783,04/05/2021,0.33406632
784,05/05/2021,0.40853974
785,06/05/2021,0.36847608
786,07/05/2021,0.41842995
787,08/05/2021,0.35771047
788,09/05/2021,0.36642543
789,10/05/2021,0.35569214
790,11/05/2021,0.3540859
791,12/05/2021,0.48602189
792,13/05/2021,0.31906844
793,14/05/2021,0.43307747
794,15/05/2021,0.41336127
795,16/05/2021,0.48118126
796,17/05/2021,0.31084267
797,18/05/2021,0.39686717
798,19/05/2021,0.26722774
799,20/05/2021,0.27812295
800,21/05/2021,0.30069207
801,22/05/2021,0.46941836
802,23/05/2021,0.32596016
803,24/05/2021,0.34416751
804,25/05/2021,0.40592614
805,26/05/2021,0.44118627
806,27/05/2021,0.42398038
807,28/05/2021,0.48143179
808,29/05/2021,0.45584951
809,30/05/2021,0.43292756
810,31/05/2021,0.54124755
811,01/06/2021,0.3562463
812,02/06/2021,0.40781299
813,03/06/2021,0.44174689
814,04/06/2021,0.42277684
815,05/06/2021,0.48863925
816,06/06/2021,0.43047373
817,07/06/2021,0.42042264
818,08/06/2021,0.41289497
819,09/06/2021,0.43349223
820,10/06/2021,0.40379792
821,11/06/2021,0.53304417
822,12/06/2021,0.37224047
823,13/06/2021,0.44366184
824,14/06/2021,0.45209729
825,15/06/2021,0.45981934
826,16/06/2021,0.43192328
827,17/06/2021,0.49228758
828,18/06/2021,0.61084557
829,19/06/2021,0.60082155
830,20/06/2021,0.44266622
831,21/06/2021,0.36591281
832,22/06/2021,0.35785212
833,23/06/2021,0.34530993
834,24/06/2021,0.43706567
835,25/06/2021,0.37659931
836,26/06/2021,0.44854491
837,27/06/2021,0.45888633
838,28/06/2021,0.47674162
839,29/06/2021,0.40463533
840,30/06/2021,0.49121292
841,01/07/2021,0.42650368
842,02/07/2021,0.46985281
843,03/07/2021,0.42450412
844,04/07/2021,0.44424774
845,05/07/2021,0.48089914
846,06/07/2021,0.40832178
847,07/07/2021,0.41255763
848,08/07/2021,0.44939754
849,09/07/2021,0.48923347
850,10/07/2021,0.36837445
851,11/07/2021,0.58094372
852,12/07/2021,0.51248316
853,13/07/2021,0.55322722
854,14/07/2021,0.52347108
855,15/07/2021,0.41891845
856,16/07/2021,0.47556459
857,17/07/2021,0.71704755
858,18/07/2021,0.71459018
859,19/07/2021,0.43093045
860,20/07/2021,0.37095453
861,21/07/2021,0.36100624
862,22/07/2021,0.4548689
863,23/07/2021,0.47479832
864,24/07/2021,0.31390094
865,25/07/2021,0.41891128
866,26/07/2021,0.43846285
867,27/07/2021,0.38671861
868,28/07/2021,0.53493572
869,29/07/2021,0.42206941
870,30/07/2021,0.47089665
871,31/07/2021,0.39097406
872,01/08/2021,0.47802803
873,02/08/2021,0.507384
874,03/08/2021,0.62925411
875,04/08/2021,0.51857095
876,05/08/2021,0.38013215
877,06/08/2021,0.55234057
878,07/08/2021,0.40453284
879,08/08/2021,0.40679615
880,09/08/2021,0.50348006
881,10/08/2021,0.53789243
882,11/08/2021,0.49234092
883,12/08/2021,0.43121965
884,13/08/2021,0.49405433
885,14/08/2021,0.43924751
886,15/08/2021,0.50506485
887,16/08/2021,0.36277051
888,17/08/2021,0.4354936
889,18/08/2021,0.48617794
890,19/08/2021,0.42435436
891,20/08/2021,0.47455026
892,21/08/2021,0.35088333
893,22/08/2021,0.40603936
894,23/08/2021,0.5827119
895,24/08/2021,0.40203235
896,25/08/2021,0.55468453
897,26/08/2021,0.62271717
898,27/08/2021,0.43561839
899,28/08/2021,0.48410327
900,29/08/2021,0.41257835
901,30/08/2021,0.47286957
902,31/08/2021,0.46382165
903,01/09/2021,0.43802966
904,02/09/2021,0.48679679
905,03/09/2021,0.42556655
906,04/09/2021,0.46383424
907,05/09/2021,0.40557706
908,06/09/2021,0.4345506
909,07/09/2021,0.36216037
910,08/09/2021,0.38215316
911,09/09/2021,0.39944553
912,10/09/2021,0.4354306
913,11/09/2021,0.48659472
914,12/09/2021,0.46218483
915,13/09/2021,0.46370246
916,14/09/2021,0.36900682
917,15/09/2021,0.43262768
918,16/09/2021,0.43992815
919,17/09/2021,0.43523127
920,18/09/2021,0.46897921
921,19/09/2021,0.42002625
922,20/09/2021,0.38691869
923,21/09/2021,0.38602814
924,22/09/2021,0.35919075
925,23/09/2021,0.40120095
926,24/09/2021,0.40985501
927,25/09/2021,0.45448331
928,26/09/2021,0.47884354
929,27/09/2021,0.49726007
930,28/09/2021,0.41066334
931,29/09/2021,0.52619745
932,30/09/2021,0.45922616
933,01/10/2021,0.40006566
934,02/10/2021,0.41421685
935,03/10/2021,0.5046436
936,04/10/2021,0.48442355
937,05/10/2021,0.40889343
938,06/10/2021,0.40256699
939,07/10/2021,0.42582784
940,08/10/2021,0.47982408
941,09/10/2021,0.42045946
942,10/10/2021,0.37861909
943,11/10/2021,0.34044023
944,12/10/2021,0.50314904
945,13/10/2021,0.49254511
946,14/10/2021,0.47921764
947,15/10/2021,0.41774964
948,16/10/2021,0.46107334
949,17/10/2021,0.4682572
950,18/10/2021,0.40157671
951,19/10/2021,0.53040084
952,20/10/2021,0.35054496
953,21/10/2021,0.55619563
954,22/10/2021,0.48172474
955,23/10/2021,0.5619827
956,24/10/2021,0.49063856
957,25/10/2021,0.47623053
958,26/10/2021,0.4010895
959,27/10/2021,0.51648256
960,28/10/2021,0.4377073
961,29/10/2021,0.50968505
962,30/10/2021,0.41742512
963,31/10/2021,0.49620071
964,01/11/2021,0.43176494
965,02/11/2021,0.54041152
966,03/11/2021,0.51444468
967,04/11/2021,0.41846543
968,05/11/2021,0.41418981
969,06/11/2021,0.4469475
970,07/11/2021,0.40594174
971,08/11/2021,0.41286088
972,09/11/2021,0.35550848
973,10/11/2021,0.4174029
974,11/11/2021,0.42657789
975,12/11/2021,0.5049716
976,13/11/2021,0.43462764
977,14/11/2021,0.53535428
978,15/11/2021,0.47506376
979,16/11/2021,0.34155785
980,17/11/2021,0.53299746
981,18/11/2021,0.57603435
982,19/11/2021,0.41906233
983,20/11/2021,0.46186147
984,21/11/2021,0.45622734
985,22/11/2021,0.4865119
986,23/11/2021,0.57327214
987,24/11/2021,0.48495863
988,25/11/2021,0.42466574
989,26/11/2021,0.60053273
990,27/11/2021,0.47472379
991,28/11/2021,0.39322942
992,29/11/2021,0.48347007
993,30/11/2021,0.40588655
994,01/12/2021,0.46407543
995,02/12/2021,0.40549044
996,03/12/2021,0.467761
997,04/12/2021,0.35056458
998,05/12/2021,0.37270945
999,06/12/2021,0.40407011
1000,07/12/2021,0.40533505
1001,08/12/2021,0.458259
1002,09/12/2021,0.48908232
1003,10/12/2021,0.42726466
1004,11/12/2021,0.61912062
1005,12/12/2021,0.3975709
1006,13/12/2021,0.46534143
1007,14/12/2021,0.40432253
1008,15/12/2021,0.51314406
1009,16/12/2021,0.52936394
1010,17/12/2021,0.44775641
1011,18/12/2021,0.60048362
1012,19/12/2021,0.40189618
1013,20/12/2021,0.6131199
1014,21/12/2021,0.50406151
1015,22/12/2021,0.56192653
1016,23/12/2021,0.48141562
1017,24/12/2021,0.54748595
1018,25/12/2021,0.30108026
1019,26/12/2021,0.46002902
1020,27/12/2021,0.48019915
1021,28/12/2021,0.51779919
1022,29/12/2021,0.56592972
1023,30/12/2021,0.58114051
1024,31/12/2021,0.62004855
1025,01/01/2022,0.66426789
1026,02/01/2022,0.5573124
1027,03/01/2022,0.53511596
1028,04/01/2022,0.50022591
1029,05/01/2022,0.4373267
1030,06/01/2022,0.43365945
1031,07/01/2022,0.45000346
1032,08/01/2022,0.46997801
1033,09/01/2022,0.42331207
1034,10/01/2022,0.49550826
1035,11/01/2022,0.3907509
1036,12/01/2022,0.44050673
1037,13/01/2022,0.55651054
1038,14/01/2022,0.56661921
1039,15/01/2022,0.42786575
1040,16/01/2022,0.4583475
1041,17/01/2022,0.479261
1042,18/01/2022,0.48191205
1043,19/01/2022,0.50445782
1044,20/01/2022,0.52210955
1045,21/01/2022,0.41504007
1046,22/01/2022,0.38632157
1047,23/01/2022,0.4243036
1048,24/01/2022,0.50141386
1049,25/01/2022,0.49154583
1050,26/01/2022,0.44280804
1051,27/01/2022,0.49535935
1052,28/01/2022,0.58713807
1053,29/01/2022,0.37190235
1054,30/01/2022,0.3046297
1055,31/01/2022,0.41499573
1056,01/02/2022,0.4943139
1057,02/02/2022,0.51213511
1058,03/02/2022,0.44904581
1059,04/02/2022,0.48029826
1060,05/02/2022,0.4281713
1061,06/02/2022,0.52015577
1062,07/02/2022,0.41622976
1063,08/02/2022,0.51495856
1064,09/02/2022,0.41930873
1065,10/02/2022,0.38307607
1066,11/02/2022,0.48566848
1067,12/02/2022,0.631079
1068,13/02/2022,0.52
1069,14/02/2022,0.59
1070,15/02/2022,0.5
1071,16/02/2022,0.45
1072,17/02/2022,0.45
1073,18/02/2022,0.61
1074,19/02/2022,0.47
1075,20/02/2022,0.43
1076,21/02/2022,0.46
1077,22/02/2022,0.46
1078,23/02/2022,0.52
1079,24/02/2022,0.46
1080,25/02/2022,0.55
1081,26/02/2022,0.58
1082,27/02/2022,0.49
