,Date,long-liquidations-usd,Unnamed: 2,Unnamed: 3,Unnamed: 4
0,2019-03-13,101092.0,,,
1,2019-03-14,907118.0,,,
2,2019-03-15,0.0,,,
3,2019-03-16,322440.0,,,
4,2019-03-17,377336.0,,,
5,2019-03-18,723274.0,,,
6,2019-03-19,230.0,,,
7,2019-03-20,87033.0,,,
8,2019-03-21,534156.0,,,
9,2019-03-22,13510.0,,,
10,2019-03-23,344286.0,,,
11,2019-03-24,258570.0,,,
12,2019-03-25,1307069.0,,,
13,2019-03-26,3644.0,,,
14,2019-03-27,0.0,,,
15,2019-03-28,27002.0,,,
16,2019-03-29,10038.0,,,
17,2019-03-30,461483.0,,,
18,2019-03-31,300.0,,,
19,2019-04-01,215869.0,,,
20,2019-04-02,29729380.0,,,
21,2019-04-03,120511174.0,,,
22,2019-04-04,39875975.0,,,
23,2019-04-05,10192594.0,,,
24,2019-04-06,36292856.0,,,
25,2019-04-07,20309599.0,,,
26,2019-04-08,20898072.0,,,
27,2019-04-09,15599590.0,,,
28,2019-04-10,26943375.0,,,
29,2019-04-11,67974497.0,,,
30,2019-04-12,15026928.0,,,
31,2019-04-13,7646350.0,,,
32,2019-04-14,3826261.0,,,
33,2019-04-15,40757116.0,,,
34,2019-04-16,3416353.0,,,
35,2019-04-17,5854516.0,,,
36,2019-04-18,3140787.0,,,
37,2019-04-19,12844506.0,,,
38,2019-04-20,7518071.0,,,
39,2019-04-21,14430451.0,,,
40,2019-04-22,4276114.0,,,
41,2019-04-23,7163723.0,,,
42,2019-04-24,40069551.0,,,
43,2019-04-25,214183660.0,,,
44,2019-04-26,26108013.0,,,
45,2019-04-27,3291004.0,,,
46,2019-04-28,12745337.0,,,
47,2019-04-29,11460237.0,,,
48,2019-04-30,1147200.0,,,
49,2019-05-01,4275051.0,,,
50,2019-05-02,463139.0,,,
51,2019-05-03,27875204.0,,,
52,2019-05-04,48401343.0,,,
53,2019-05-05,20223838.0,,,
54,2019-05-06,30986981.0,,,
55,2019-05-07,50632954.0,,,
56,2019-05-08,19160425.0,,,
57,2019-05-09,6359018.0,,,
58,2019-05-10,23746034.0,,,
59,2019-05-11,54462309.0,,,
60,2019-05-12,166648505.0,,,
61,2019-05-13,57393296.0,,,
62,2019-05-14,127009758.0,,,
63,2019-05-15,40301900.0,,,
64,2019-05-16,73072810.0,,,
65,2019-05-17,257322284.0,,,
66,2019-05-18,30759382.0,,,
67,2019-05-19,47042419.0,,,
68,2019-05-20,92442389.0,,,
69,2019-05-21,13561791.0,,,
70,2019-05-22,79587505.0,,,
71,2019-05-23,27367436.0,,,
72,2019-05-24,11087086.0,,,
73,2019-05-25,8180874.0,,,
74,2019-05-26,17972440.0,,,
75,2019-05-27,33348487.0,,,
76,2019-05-28,29809484.0,,,
77,2019-05-29,34101105.0,,,
78,2019-05-30,232347598.0,,,
79,2019-05-31,18195334.0,,,
80,2019-06-01,3714443.0,,,
81,2019-06-02,20808048.0,,,
82,2019-06-03,119684701.0,,,
83,2019-06-04,229190874.0,,,
84,2019-06-05,20153633.0,,,
85,2019-06-06,35299295.0,,,
86,2019-06-07,18545157.0,,,
87,2019-06-08,15338945.0,,,
88,2019-06-09,45552939.0,,,
89,2019-06-10,7709344.0,,,
90,2019-06-11,33132301.0,,,
91,2019-06-12,11952234.0,,,
92,2019-06-13,7912836.0,,,
93,2019-06-14,3356358.0,,,
94,2019-06-15,3806890.0,,,
95,2019-06-16,112736919.0,,,
96,2019-06-17,41513410.0,,,
97,2019-06-18,72721730.0,,,
98,2019-06-19,4725169.0,,,
99,2019-06-20,12967281.0,,,
100,2019-06-21,23551367.0,,,
101,2019-06-22,179923549.0,,,
102,2019-06-23,62262486.0,,,
103,2019-06-24,44433008.0,,,
104,2019-06-25,54594325.0,,,
105,2019-06-26,400079427.0,,,
106,2019-06-27,307441149.0,,,
107,2019-06-28,62182300.0,,,
108,2019-06-29,100180605.0,,,
109,2019-06-30,168143876.0,,,
110,2019-07-01,133755794.0,,,
111,2019-07-02,79481945.0,,,
112,2019-07-03,47222442.0,,,
113,2019-07-04,122012690.0,,,
114,2019-07-05,77295250.0,,,
115,2019-07-06,39400214.0,,,
116,2019-07-07,19770225.0,,,
117,2019-07-08,5092838.0,,,
118,2019-07-09,109271310.0,,,
119,2019-07-10,282523884.0,,,
120,2019-07-11,181259443.0,,,
121,2019-07-12,17855176.0,,,
122,2019-07-13,118252476.0,,,
123,2019-07-14,186797520.0,,,
124,2019-07-15,51140169.0,,,
125,2019-07-16,268115037.0,,,
126,2019-07-17,52752778.0,,,
127,2019-07-18,31130982.0,,,
128,2019-07-19,33446356.0,,,
129,2019-07-20,25455720.0,,,
130,2019-07-21,30223218.0,,,
131,2019-07-22,38485993.0,,,
132,2019-07-23,43844591.0,,,
133,2019-07-24,53565490.0,,,
134,2019-07-25,20806571.0,,,
135,2019-07-26,30222430.0,,,
136,2019-07-27,130916613.0,,,
137,2019-07-28,49989273.0,,,
138,2019-07-29,22010777.0,,,
139,2019-07-30,9451750.0,,,
140,2019-07-31,2002535.0,,,
141,2019-08-01,1805662.0,,,
142,2019-08-02,14897001.0,,,
143,2019-08-03,4824508.0,,,
144,2019-08-04,20564142.03,,,
145,2019-08-05,12244097.57,,,
146,2019-08-06,134983470.1,,,
147,2019-08-07,58210729.36,,,
148,2019-08-08,38968896.72,,,
149,2019-08-09,10523682.96,,,
150,2019-08-10,122603100.6,,,
151,2019-08-11,36787434.4,,,
152,2019-08-12,10813781.0,,,
153,2019-08-13,47981065.25,,,
154,2019-08-14,147374255.2,,,
155,2019-08-15,80729195.37,,,
156,2019-08-16,48199028.8,,,
157,2019-08-17,35240762.55,,,
158,2019-08-18,3462569.524,,,
159,2019-08-19,10199480.25,,,
160,2019-08-20,13801841.74,,,
161,2019-08-21,122946785.4,,,
162,2019-08-22,21197454.28,,,
163,2019-08-23,6897751.195,,,
164,2019-08-24,71756914.0,,,
165,2019-08-25,26105337.26,,,
166,2019-08-26,17411158.18,,,
167,2019-08-27,18494257.64,,,
168,2019-08-28,158809137.1,,,
169,2019-08-29,52458661.51,,,
170,2019-08-30,8845176.073,,,
171,2019-08-31,9056445.113,,,
172,2019-09-01,2354125.0,,,
173,2019-09-02,1260866.0,,,
174,2019-09-03,19398204.62,,,
175,2019-09-04,22497532.75,,,
176,2019-09-05,10077157.95,,,
177,2019-09-06,103283082.5,,,
178,2019-09-07,1911151.378,,,
179,2019-09-08,30742978.78,,,
180,2019-09-09,37309781.29,,,
181,2019-09-10,85684526.96,,,
182,2019-09-11,18985037.23,,,
183,2019-09-12,3020901.0,,,
184,2019-09-13,13612530.54,,,
185,2019-09-14,2578020.0,,,
186,2019-09-15,1524708.967,,,
187,2019-09-16,48882933.94,,,
188,2019-09-17,5420522.0,,,
189,2019-09-18,10638613.9,,,
190,2019-09-19,169162054.6,,,
191,2019-09-20,8902132.527,,,
192,2019-09-21,23753619.44,,,
193,2019-09-22,16694010.34,,,
194,2019-09-23,81047295.99,,,
195,2019-09-24,664984246.9,,,
196,2019-09-25,27672030.48,,,
197,2019-09-26,106638963.0,,,
198,2019-09-27,10122326.16,,,
199,2019-09-28,13073552.34,,,
200,2019-09-29,14757968.82,,,
201,2019-09-30,30756734.84,,,
202,2019-10-01,10848527.87,,,
203,2019-10-02,9790727.42,,,
204,2019-10-03,24716645.29,,,
205,2019-10-04,10201937.19,,,
206,2019-10-05,6385826.746,,,
207,2019-10-06,50356845.62,,,
208,2019-10-07,3699071.81,,,
209,2019-10-08,7334222.38,,,
210,2019-10-09,4638300.539,,,
211,2019-10-10,1332498.177,,,
212,2019-10-11,56904425.12,,,
213,2019-10-12,1339861.139,,,
214,2019-10-13,30075459.82,,,
215,2019-10-14,4884474.283,,,
216,2019-10-15,29574009.47,,,
217,2019-10-16,39256659.7,,,
218,2019-10-17,4599168.648,,,
219,2019-10-18,34770692.87,,,
220,2019-10-19,10497047.9,,,
221,2019-10-20,853310.8432,,,
222,2019-10-21,3723405.996,,,
223,2019-10-22,32267812.73,,,
224,2019-10-23,255803674.9,,,
225,2019-10-24,2552272.375,,,
226,2019-10-25,12088762.24,,,
227,2019-10-26,90005566.93,,,
228,2019-10-27,29122642.54,,,
229,2019-10-28,39061864.55,,,
230,2019-10-29,32011390.53,,,
231,2019-10-30,30755346.74,,,
232,2019-10-31,31902608.19,,,
233,2019-11-01,11131153.67,,,
234,2019-11-02,587740.8333,,,
235,2019-11-03,18616046.31,,,
236,2019-11-04,2263617.369,,,
237,2019-11-05,20155495.63,,,
238,2019-11-06,3698411.923,,,
239,2019-11-07,27353782.41,,,
240,2019-11-08,92862858.43,,,
241,2019-11-09,5041933.651,,,
242,2019-11-10,2220414.859,,,
243,2019-11-11,58546298.36,,,
244,2019-11-12,39059609.82,,,
245,2019-11-13,537923.8179,,,
246,2019-11-14,12294717.91,,,
247,2019-11-15,76691220.72,,,
248,2019-11-16,1269966.65,,,
249,2019-11-17,8059071.4,,,
250,2019-11-18,105580932.5,,,
251,2019-11-19,21941282.66,,,
252,2019-11-20,4030020.996,,,
253,2019-11-21,223456348.9,,,
254,2019-11-22,193671643.4,,,
255,2019-11-23,4198398.907,,,
256,2019-11-24,38690851.51,,,
257,2019-11-25,72387628.28,,,
258,2019-11-26,11635503.21,,,
259,2019-11-27,19493174.91,,,
260,2019-11-28,16087729.27,,,
261,2019-11-29,6712992.933,,,
262,2019-11-30,17825979.0,,,
263,2019-12-01,24692067.91,,,
264,2019-12-02,10532538.3,,,
265,2019-12-03,1356870.07,,,
266,2019-12-04,52959930.73,,,
267,2019-12-05,6595800.151,,,
268,2019-12-06,6405777.155,,,
269,2019-12-07,1711643.49,,,
270,2019-12-08,9099089.019,,,
271,2019-12-09,36511728.4,,,
272,2019-12-10,26886379.41,,,
273,2019-12-11,10650877.69,,,
274,2019-12-12,11766024.28,,,
275,2019-12-13,816821.5143,,,
276,2019-12-14,37831781.6,,,
277,2019-12-15,4610672.278,,,
278,2019-12-16,61293220.51,,,
279,2019-12-17,97256055.41,,,
280,2019-12-18,51229237.42,,,
281,2019-12-19,13909705.01,,,
282,2019-12-20,2428431.462,,,
283,2019-12-21,1423572.697,,,
284,2019-12-22,1939557.449,,,
285,2019-12-23,49643170.59,,,
286,2019-12-24,24369168.89,,,
287,2019-12-25,52577315.7,,,
288,2019-12-26,14022875.56,,,
289,2019-12-27,18475925.55,,,
290,2019-12-28,1628534.336,,,
291,2019-12-29,4508500.2,,,
292,2019-12-30,14237347.65,,,
293,2019-12-31,18243501.85,,,
294,2020-01-01,1818998.083,,,
295,2020-01-02,61861288.44,,,
296,2020-01-03,17162460.04,,,
297,2020-01-04,3409894.243,,,
298,2020-01-05,13801847.15,,,
299,2020-01-06,3308002.886,,,
300,2020-01-07,27302984.91,,,
301,2020-01-08,60038631.96,,,
302,2020-01-09,31501347.64,,,
303,2020-01-10,17792243.98,,,
304,2020-01-11,14727508.45,,,
305,2020-01-12,6598590.701,,,
306,2020-01-13,2454013.016,,,
307,2020-01-14,17834612.49,,,
308,2020-01-15,24563650.12,,,
309,2020-01-16,11166746.54,,,
310,2020-01-17,17503270.92,,,
311,2020-01-18,5624755.811,,,
312,2020-01-19,177263985.1,,,
313,2020-01-20,9894570.165,,,
314,2020-01-21,25771380.65,,,
315,2020-01-22,13823150.71,,,
316,2020-01-23,54117423.52,,,
317,2020-01-24,15174506.02,,,
318,2020-01-25,12673287.78,,,
319,2020-01-26,1101166.763,,,
320,2020-01-27,3681208.887,,,
321,2020-01-28,28337974.31,,,
322,2020-01-29,12165749.46,,,
323,2020-01-30,32756336.37,,,
324,2020-01-31,21746352.11,,,
325,2020-02-01,3363585.93,,,
326,2020-02-02,29250713.8,,,
327,2020-02-03,33488532.04,,,
328,2020-02-04,27121048.94,,,
329,2020-02-05,3647417.313,,,
330,2020-02-06,19172390.35,,,
331,2020-02-07,8992992.292,,,
332,2020-02-08,7533700.4,,,
333,2020-02-09,5379305.499,,,
334,2020-02-10,96713757.3,,,
335,2020-02-11,14734450.98,,,
336,2020-02-12,9799847.299,,,
337,2020-02-13,78901245.32,,,
338,2020-02-14,5433039.752,,,
339,2020-02-15,162616693.4,,,
340,2020-02-16,42860500.69,,,
341,2020-02-17,50336029.15,,,
342,2020-02-18,12864923.12,,,
343,2020-02-19,186141653.5,,,
344,2020-02-20,34891717.96,,,
345,2020-02-21,13663698.41,,,
346,2020-02-22,3236320.905,,,
347,2020-02-23,2463418.051,,,
348,2020-02-24,65017756.62,,,
349,2020-02-25,78821685.55,,,
350,2020-02-26,232951301.1,,,
351,2020-02-27,53382363.69,,,
352,2020-02-28,41732399.41,,,
353,2020-02-29,11655887.32,,,
354,2020-03-01,27508334.24,,,
355,2020-03-02,3767204.879,,,
356,2020-03-03,23089341.24,,,
357,2020-03-04,6510182.652,,,
358,2020-03-05,3235333.01,,,
359,2020-03-06,4245837.106,,,
360,2020-03-07,35755925.05,,,
361,2020-03-08,255927505.6,,,
362,2020-03-09,98177009.8,,,
363,2020-03-10,48803204.26,,,
364,2020-03-11,19933217.05,,,
365,2020-03-12,1015774313.0,,,
366,2020-03-13,903195362.8,,,
367,2020-03-14,74055808.87,,,
368,2020-03-15,28704478.2,,,
369,2020-03-16,161320282.3,,,
370,2020-03-17,19570485.3,,,
371,2020-03-18,28429985.47,,,
372,2020-03-19,25750085.28,,,
373,2020-03-20,105751335.2,,,
374,2020-03-21,31447761.29,,,
375,2020-03-22,42424214.76,,,
376,2020-03-23,18635770.86,,,
377,2020-03-24,26049036.33,,,
378,2020-03-25,27282040.4,,,
379,2020-03-26,10047436.58,,,
380,2020-03-27,38555904.16,,,
381,2020-03-28,32191202.16,,,
382,2020-03-29,25494268.23,,,
383,2020-03-30,10052384.23,,,
384,2020-03-31,8291531.702,,,
385,2020-04-01,24167744.23,,,
386,2020-04-02,33052328.39,,,
387,2020-04-03,36944623.18,,,
388,2020-04-04,16086311.32,,,
389,2020-04-05,12571322.57,,,
390,2020-04-06,9928681.942,,,
391,2020-04-07,36868891.39,,,
392,2020-04-08,12280179.23,,,
393,2020-04-09,18684201.87,,,
394,2020-04-10,60332693.49,,,
395,2020-04-11,6918025.428,,,
396,2020-04-12,20206796.06,,,
397,2020-04-13,45850026.41,,,
398,2020-04-14,9169674.571,,,
399,2020-04-15,31302131.64,,,
400,2020-04-16,31611715.11,,,
401,2020-04-17,8437414.963,,,
402,2020-04-18,3368409.307,,,
403,2020-04-19,24302873.0,,,
404,2020-04-20,76715446.96,,,
405,2020-04-21,6643620.521,,,
406,2020-04-22,1036937.472,,,
407,2020-04-23,19796442.86,,,
408,2020-04-24,13357985.44,,,
409,2020-04-25,5301327.082,,,
410,2020-04-26,15553665.0,,,
411,2020-04-27,6332279.172,,,
412,2020-04-28,3313510.244,,,
413,2020-04-29,36579825.61,,,
414,2020-04-30,136107366.6,,,
415,2020-05-01,26142131.41,,,
416,2020-05-02,8748904.778,,,
417,2020-05-03,51365261.8,,,
418,2020-05-04,41026444.41,,,
419,2020-05-05,19936208.05,,,
420,2020-05-06,20489646.19,,,
421,2020-05-07,23642544.12,,,
422,2020-05-08,52130236.12,,,
423,2020-05-09,47549126.15,,,
424,2020-05-10,365590665.2,,,
425,2020-05-11,91296147.9,,,
426,2020-05-12,17376709.77,,,
427,2020-05-13,5468219.422,,,
428,2020-05-14,35179621.75,,,
429,2020-05-15,106582963.1,,,
430,2020-05-16,16033149.29,,,
431,2020-05-17,13154497.57,,,
432,2020-05-18,47054115.64,,,
433,2020-05-19,32912377.07,,,
434,2020-05-20,77924673.01,,,
435,2020-05-21,115138756.7,,,
436,2020-05-22,9657286.459,,,
437,2020-05-23,7976242.09,,,
438,2020-05-24,68002019.06,,,
439,2020-05-25,19794903.84,,,
440,2020-05-26,14642101.37,,,
441,2020-05-27,8071614.357,,,
442,2020-05-28,3962626.627,,,
443,2020-05-29,20004527.67,,,
444,2020-05-30,10332037.16,,,
445,2020-05-31,19153838.95,,,
446,2020-06-01,4177007.666,,,
447,2020-06-02,193931173.8,,,
448,2020-06-03,12414230.43,,,
449,2020-06-04,20817694.16,,,
450,2020-06-05,29405427.44,,,
451,2020-06-06,13543784.85,,,
452,2020-06-07,36046056.1,,,
453,2020-06-08,5584699.407,,,
454,2020-06-09,22810647.73,,,
455,2020-06-10,7619042.184,,,
456,2020-06-11,153835164.0,,,
457,2020-06-12,8310565.037,,,
458,2020-06-13,2871375.936,,,
459,2020-06-14,16830908.27,,,
460,2020-06-15,63803407.93,,,
461,2020-06-16,8647033.923,,,
462,2020-06-17,21099572.81,,,
463,2020-06-18,7269297.201,,,
464,2020-06-19,9262558.62,,,
465,2020-06-20,24836211.8,,,
466,2020-06-21,2390660.657,,,
467,2020-06-22,1919702.265,,,
468,2020-06-23,4045064.687,,,
469,2020-06-24,73471461.17,,,
470,2020-06-25,43673352.77,,,
471,2020-06-26,23240586.06,,,
472,2020-06-27,82616617.97,,,
473,2020-06-28,2559457.268,,,
474,2020-06-29,3987080.243,,,
475,2020-06-30,8247815.029,,,
476,2020-07-01,1975547.316,,,
477,2020-07-02,68026008.87,,,
478,2020-07-03,2609324.215,,,
479,2020-07-04,805696.7041,,,
480,2020-07-05,32167218.98,,,
481,2020-07-06,1281903.842,,,
482,2020-07-07,6144339.653,,,
483,2020-07-08,848984.7365,,,
484,2020-07-09,44566292.33,,,
485,2020-07-10,14439535.62,,,
486,2020-07-11,3031428.031,,,
487,2020-07-12,6300489.594,,,
488,2020-07-13,5621658.96,,,
489,2020-07-14,15217839.15,,,
490,2020-07-15,3716239.62,,,
491,2020-07-16,27126676.35,,,
492,2020-07-17,126821.6551,,,
493,2020-07-18,500071.0614,,,
494,2020-07-19,2088244.778,,,
495,2020-07-20,2244144.975,,,
496,2020-07-21,1547809.122,,,
497,2020-07-22,7309292.345,,,
498,2020-07-23,4431485.605,,,
499,2020-07-24,8566125.895,,,
500,2020-07-25,295496.7055,,,
501,2020-07-26,15267823.57,,,
502,2020-07-27,74811884.84,,,
503,2020-07-28,74983261.48,,,
504,2020-07-29,31258585.39,,,
505,2020-07-30,32069929.78,,,
506,2020-07-31,12874762.33,,,
507,2020-08-01,26380012.82,,,
508,2020-08-02,440228019.0,,,
509,2020-08-03,28070661.28,,,
510,2020-08-04,25211793.48,,,
511,2020-08-05,18387033.14,,,
512,2020-08-06,25758029.32,,,
513,2020-08-07,84823485.76,,,
514,2020-08-08,7652670.694,,,
515,2020-08-09,13190373.19,,,
516,2020-08-10,78867689.51,,,
517,2020-08-11,132382105.4,,,
518,2020-08-12,13266455.28,,,
519,2020-08-13,17372868.03,,,
520,2020-08-14,4553847.305,,,
521,2020-08-15,23998961.36,,,
522,2020-08-16,6225092.662,,,
523,2020-08-17,18573987.91,,,
524,2020-08-18,83037017.98,,,
525,2020-08-19,75124066.3,,,
526,2020-08-20,1883561.784,,,
527,2020-08-21,39088054.66,,,
528,2020-08-22,18015462.18,,,
529,2020-08-23,2564006.183,,,
530,2020-08-24,1476812.37,,,
531,2020-08-25,110502614.6,,,
532,2020-08-26,8148330.002,,,
533,2020-08-27,34066887.7,,,
534,2020-08-28,562046.7044,,,
535,2020-08-29,3254557.639,,,
536,2020-08-30,1068605.171,,,
537,2020-08-31,5150600.525,,,
538,2020-09-01,17244772.03,,,
539,2020-09-02,159893388.5,,,
540,2020-09-03,415686320.2,,,
541,2020-09-04,55436361.91,,,
542,2020-09-05,85014405.1,,,
543,2020-09-06,4790594.635,,,
544,2020-09-07,19595899.93,,,
545,2020-09-08,30771695.95,,,
546,2020-09-09,2639559.506,,,
547,2020-09-10,7709613.244,,,
548,2020-09-11,2836347.712,,,
549,2020-09-12,1187950.533,,,
550,2020-09-13,19682599.18,,,
551,2020-09-14,2152985.612,,,
552,2020-09-15,11192826.76,,,
553,2020-09-16,6542453.85,,,
554,2020-09-17,11482210.91,,,
555,2020-09-18,6096588.192,,,
556,2020-09-19,1410744.931,,,
557,2020-09-20,22568409.43,,,
558,2020-09-21,70430197.53,,,
559,2020-09-22,3077804.911,,,
560,2020-09-23,35838103.58,,,
561,2020-09-24,1190403.161,,,
562,2020-09-25,4025421.97,,,
563,2020-09-26,1427396.205,,,
564,2020-09-27,6890089.293,,,
565,2020-09-28,19337867.19,,,
566,2020-09-29,2893717.86,,,
567,2020-09-30,2756715.337,,,
568,2020-10-01,34746367.52,,,
569,2020-10-02,15105404.91,,,
570,2020-10-03,702759.7356,,,
571,2020-10-04,161609.9011,,,
572,2020-10-05,1111488.353,,,
573,2020-10-06,15147270.72,,,
574,2020-10-07,302977.5426,,,
575,2020-10-08,3483458.848,,,
576,2020-10-09,1321326.971,,,
577,2020-10-10,9334862.692,,,
578,2020-10-11,6630016.607,,,
579,2020-10-12,26633347.22,,,
580,2020-10-13,17921162.93,,,
581,2020-10-14,8776610.387,,,
582,2020-10-15,5852691.471,,,
583,2020-10-16,23010135.78,,,
584,2020-10-17,1957738.07,,,
585,2020-10-18,89528.66035,,,
586,2020-10-19,1956556.155,,,
587,2020-10-20,7842035.122,,,
588,2020-10-21,44479685.79,,,
589,2020-10-22,21593612.25,,,
590,2020-10-23,25403868.68,,,
591,2020-10-24,4185741.315,,,
592,2020-10-25,35251231.4,,,
593,2020-10-26,42185299.35,,,
594,2020-10-27,8405818.074,,,
595,2020-10-28,88157048.86,,,
596,2020-10-29,17652259.71,,,
597,2020-10-30,19742623.41,,,
598,2020-10-31,26456366.68,,,
599,2020-11-01,11406372.63,,,
600,2020-11-02,50746776.64,,,
601,2020-11-03,16212384.08,,,
602,2020-11-04,32148876.44,,,
603,2020-11-05,41565591.13,,,
604,2020-11-06,61791554.09,,,
605,2020-11-07,123156018.3,,,
606,2020-11-08,8225698.881,,,
607,2020-11-09,43552649.19,,,
608,2020-11-10,8948885.056,,,
609,2020-11-11,11677175.87,,,
610,2020-11-12,42634930.55,,,
611,2020-11-13,18564442.01,,,
612,2020-11-14,37198358.21,,,
613,2020-11-15,9157863.615,,,
614,2020-11-16,9691818.618,,,
615,2020-11-17,20986875.64,,,
616,2020-11-18,149432562.2,,,
617,2020-11-19,27853380.32,,,
618,2020-11-20,15087629.94,,,
619,2020-11-21,32024886.11,,,
620,2020-11-22,73072504.64,,,
621,2020-11-23,35371702.53,,,
622,2020-11-24,45189839.06,,,
623,2020-11-25,77387819.32,,,
624,2020-11-26,596836065.0,,,
625,2020-11-27,37540315.88,,,
626,2020-11-28,13684227.3,,,
627,2020-11-29,16663530.46,,,
628,2020-11-30,45305646.62,,,
629,2020-12-01,193479670.8,,,
630,2020-12-02,34071409.24,,,
631,2020-12-03,18962108.36,,,
632,2020-12-04,62305066.92,,,
633,2020-12-05,7461237.945,,,
634,2020-12-06,12033494.81,,,
635,2020-12-07,20128823.42,,,
636,2020-12-08,144702157.7,,,
637,2020-12-09,82669822.88,,,
638,2020-12-10,22897463.71,,,
639,2020-12-11,53242714.19,,,
640,2020-12-12,7370905.581,,,
641,2020-12-13,17102216.71,,,
642,2020-12-14,7798343.39,,,
643,2020-12-15,19163077.7,,,
644,2020-12-16,27036949.84,,,
645,2020-12-17,214241664.9,,,
646,2020-12-18,46406204.16,,,
647,2020-12-19,42962151.34,,,
648,2020-12-20,117780118.3,,,
649,2020-12-21,265401916.4,,,
650,2020-12-22,44235994.72,,,
651,2020-12-23,146259191.8,,,
652,2020-12-24,24578847.97,,,
653,2020-12-25,56843202.46,,,
654,2020-12-26,56439812.6,,,
655,2020-12-27,287869928.0,,,
656,2020-12-28,89128658.41,,,
657,2020-12-29,79010153.48,,,
658,2020-12-30,89078229.39,,,
659,2020-12-31,126921499.8,,,
660,2021-01-01,56369996.67,,,
661,2021-01-02,234538783.9,,,
662,2021-01-03,257372835.8,,,
663,2021-01-04,779800199.3,,,
664,2021-01-05,156157519.3,,,
665,2021-01-06,183505536.5,,,
666,2021-01-07,353497476.8,,,
667,2021-01-08,330322886.8,,,
668,2021-01-09,104965889.0,,,
669,2021-01-10,626068091.1,,,
670,2021-01-11,802575681.6,,,
671,2021-01-12,225588349.9,,,
672,2021-01-13,116912611.8,,,
673,2021-01-14,167744862.8,,,
674,2021-01-15,423528548.4,,,
675,2021-01-16,149955894.5,,,
676,2021-01-17,145560670.4,,,
677,2021-01-18,108777236.7,,,
678,2021-01-19,129734334.2,,,
679,2021-01-20,275882748.2,,,
680,2021-01-21,482522772.8,,,
681,2021-01-22,207070364.3,,,
682,2021-01-23,84507051.8,,,
683,2021-01-24,105330487.9,,,
684,2021-01-25,144701764.5,,,
685,2021-01-26,128630201.8,,,
686,2021-01-27,217259924.5,,,
687,2021-01-28,41922863.18,,,
688,2021-01-29,451578180.6,,,
689,2021-01-30,141150317.4,,,
690,2021-01-31,136471406.8,,,
691,2021-02-01,52024318.52,,,
692,2021-02-02,39944062.24,,,
693,2021-02-03,48047663.87,,,
694,2021-02-04,158524656.3,,,
695,2021-02-05,53280285.58,,,
696,2021-02-06,150110307.5,,,
697,2021-02-07,261771063.0,,,
698,2021-02-08,243646959.6,,,
699,2021-02-09,207252642.5,,,
700,2021-02-10,307192842.9,,,
701,2021-02-11,148033367.3,,,
702,2021-02-12,149734579.3,,,
703,2021-02-13,79812748.9,,,
704,2021-02-14,107287830.4,,,
705,2021-02-15,386586787.0,,,
706,2021-02-16,224141559.8,,,
707,2021-02-17,82283099.25,,,
708,2021-02-18,114085718.7,,,
709,2021-02-19,107473881.1,,,
710,2021-02-20,361173334.9,,,
711,2021-02-21,89507620.44,,,
712,2021-02-22,1443519162.0,,,
713,2021-02-23,826596083.2,,,
714,2021-02-24,188417912.9,,,
715,2021-02-25,298043048.9,,,
716,2021-02-26,413869499.6,,,
717,2021-02-27,116454368.9,,,
718,2021-02-28,280043888.7,,,
719,2021-03-01,76130635.48,,,
720,2021-03-02,182771903.6,,,
721,2021-03-03,120400576.4,,,
722,2021-03-04,380328192.7,,,
723,2021-03-05,230778221.8,,,
724,2021-03-06,94741808.07,,,
725,2021-03-07,72619203.23,,,
726,2021-03-08,152162578.3,,,
727,2021-03-09,88647698.44,,,
728,2021-03-10,279745170.3,,,
729,2021-03-11,297140197.6,,,
730,2021-03-12,315516601.5,,,
731,2021-03-13,146842722.6,,,
732,2021-03-14,238558936.7,,,
733,2021-03-15,1371010877.0,,,
734,2021-03-16,428714838.5,,,
735,2021-03-17,186125636.5,,,
736,2021-03-18,239282062.8,,,
737,2021-03-19,185839190.0,,,
738,2021-03-20,122701548.6,,,
739,2021-03-21,414067553.6,,,
740,2021-03-22,576960202.2,,,
741,2021-03-23,246808002.2,,,
742,2021-03-24,566528979.4,,,
743,2021-03-25,386127450.4,,,
744,2021-03-26,57555387.33,,,
745,2021-03-27,90125492.47,,,
746,2021-03-28,113493277.5,,,
747,2021-03-29,90853970.29,,,
748,2021-03-30,56240221.07,,,
749,2021-03-31,344895491.0,,,
750,2021-04-01,104012871.4,,,
751,2021-04-02,119552149.8,,,
752,2021-04-03,317048917.3,,,
753,2021-04-04,134849424.3,,,
754,2021-04-05,89540204.73,,,
755,2021-04-06,108575790.4,,,
756,2021-04-07,430175073.0,,,
757,2021-04-08,27812811.46,,,
758,2021-04-09,36496561.55,,,
759,2021-04-10,205708667.6,,,
760,2021-04-11,43223176.22,,,
761,2021-04-12,93140032.39,,,
762,2021-04-13,53934765.4,,,
763,2021-04-14,348482494.9,,,
764,2021-04-15,47170512.43,,,
765,2021-04-16,328371260.1,,,
766,2021-04-17,185429142.3,,,
767,2021-04-18,2354897405.0,,,
768,2021-04-20,153410842.8,,,
769,2021-04-21,175376229.7,,,
770,2021-04-22,468358250.3,,,
771,2021-04-23,623422561.4,,,
772,2021-04-24,116429566.9,,,
773,2021-04-25,252616305.8,,,
774,2021-04-26,79316911.66,,,
775,2021-04-27,28707102.36,,,
776,2021-04-28,67378939.07,,,
777,2021-04-29,103261575.6,,,
778,2021-04-30,26915989.25,,,
779,2021-05-01,68947343.84,,,
780,2021-05-02,54014806.29,,,
781,2021-05-03,88847757.67,,,
782,2021-05-04,315547465.2,,,
783,2021-05-05,34919013.12,,,
784,2021-05-06,87502354.85,,,
785,2021-05-07,46141132.15,,,
786,2021-05-08,48062821.44,,,
787,2021-05-09,89944230.76,,,
788,2021-05-10,247563976.6,,,
789,2021-05-11,45351670.07,,,
790,2021-05-12,670040807.3,,,
791,2021-05-13,334001745.6,,,
792,2021-05-14,49186744.0,,,
793,2021-05-15,149901883.4,,,
794,2021-05-16,305515286.4,,,
795,2021-05-17,291082840.8,,,
796,2021-05-18,97711832.87,,,
797,2021-05-19,1875591589.0,,,
798,2021-05-20,130833516.6,,,
799,2021-05-21,246882557.7,,,
800,2021-05-22,52213117.86,,,
801,2021-05-23,212491943.3,,,
802,2021-05-24,59015924.45,,,
803,2021-05-25,55985245.19,,,
804,2021-05-26,53253810.92,,,
805,2021-05-27,58022582.7,,,
806,2021-05-28,181746192.7,,,
807,2021-05-29,98071058.91,,,
808,2021-05-30,45455113.44,,,
809,2021-05-31,42009378.97,,,
810,2021-06-01,52535181.29,,,
811,2021-06-02,18599098.08,,,
812,2021-06-03,24227553.26,,,
813,2021-06-04,155164604.7,,,
814,2021-06-05,109176055.2,,,
815,2021-06-06,30585248.81,,,
816,2021-06-07,162483690.5,,,
817,2021-06-08,192918130.4,,,
818,2021-06-09,58033607.7,,,
819,2021-06-10,83908320.01,,,
820,2021-06-11,57911857.35,,,
821,2021-06-12,120451850.6,,,
822,2021-06-13,35723844.61,,,
823,2021-06-14,69256002.53,,,
824,2021-06-15,63629493.55,,,
825,2021-06-16,140392415.5,,,
826,2021-06-17,99835257.41,,,
827,2021-06-18,221898384.5,,,
828,2021-06-19,61441166.15,,,
829,2021-06-20,159015231.8,,,
830,2021-06-21,261317380.9,,,
831,2021-06-22,226572047.0,,,
832,2021-06-23,71175577.93,,,
833,2021-06-24,45604791.47,,,
834,2021-06-25,176045621.5,,,
835,2021-06-26,104062599.3,,,
836,2021-06-27,45164275.36,,,
837,2021-06-28,45914954.18,,,
838,2021-06-29,28930262.35,,,
839,2021-06-30,92210206.92,,,
840,2021-07-01,126825845.9,,,
841,2021-07-02,37677945.89,,,
842,2021-07-03,27528442.72,,,
843,2021-07-04,17870070.47,,,
844,2021-07-05,132780592.0,,,
845,2021-07-06,45713339.83,,,
846,2021-07-07,40256205.74,,,
847,2021-07-08,106519276.2,,,
848,2021-07-09,16499346.17,,,
849,2021-07-10,28389511.15,,,
850,2021-07-11,6616821.409,,,
851,2021-07-12,76346115.15,,,
852,2021-07-13,53697957.51,,,
853,2021-07-14,66549905.77,,,
854,2021-07-15,115017821.9,,,
855,2021-07-16,41914952.53,,,
856,2021-07-17,15624527.27,,,
857,2021-07-18,21860511.17,,,
858,2021-07-19,76051416.65,,,
859,2021-07-20,136347804.4,,,
860,2021-07-21,22407562.48,,,
861,2021-07-22,16714634.25,,,
862,2021-07-23,17722822.79,,,
863,2021-07-24,18010934.79,,,
864,2021-07-25,22602174.99,,,
865,2021-07-26,183712905.3,,,
866,2021-07-27,62608284.79,,,
867,2021-07-28,75615196.33,,,
868,2021-07-29,29763039.93,,,
869,2021-07-30,53929554.1,,,
870,2021-07-31,31978079.19,,,
871,2021-08-01,123178847.2,,,
872,2021-08-02,81920689.82,,,
873,2021-08-03,133459023.3,,,
874,2021-08-04,24612890.16,,,
875,2021-08-05,91604677.52,,,
876,2021-08-06,40113608.63,,,
877,2021-08-07,60931463.75,,,
878,2021-08-08,61373032.64,,,
879,2021-08-09,49004186.05,,,
880,2021-08-10,43767129.42,,,
881,2021-08-11,26838651.78,,,
882,2021-08-12,110596205.4,,,
883,2021-08-13,8841808.5,,,
884,2021-08-14,56597823.52,,,
885,2021-08-15,59379074.49,,,
886,2021-08-16,66486371.37,,,
887,2021-08-17,137205422.8,,,
888,2021-08-18,53797817.84,,,
889,2021-08-19,40736533.31,,,
890,2021-08-20,23091481.98,,,
891,2021-08-21,37231857.14,,,
892,2021-08-22,45745648.93,,,
893,2021-08-23,42557143.22,,,
894,2021-08-24,130291190.5,,,
895,2021-08-25,54918353.87,,,
896,2021-08-26,140755228.3,,,
897,2021-08-27,31262318.99,,,
898,2021-08-28,33950992.82,,,
899,2021-08-29,62519522.95,,,
900,2021-08-30,126791830.2,,,
901,2021-08-31,66552126.58,,,
902,2021-09-01,32097728.76,,,
903,2021-09-02,40853799.3,,,
904,2021-09-03,73682965.61,,,
905,2021-09-04,40650565.84,,,
906,2021-09-05,14619940.46,,,
907,2021-09-06,21906472.88,,,
908,2021-09-07,584788403.5,,,
909,2021-09-08,88580981.04,,,
910,2021-09-09,31605956.31,,,
911,2021-09-10,113344396.6,,,
912,2021-09-11,21284440.05,,,
913,2021-09-12,33971086.85,,,
914,2021-09-13,101895632.0,,,
915,2021-09-14,17018627.42,,,
916,2021-09-15,10577329.41,,,
917,2021-09-16,55367072.91,,,
918,2021-09-17,40428898.43,,,
919,2021-09-18,14556767.26,,,
920,2021-09-19,50446191.82,,,
921,2021-09-20,397535436.9,,,
922,2021-09-21,357855773.2,,,
923,2021-09-22,18997059.42,,,
924,2021-09-23,18814457.19,,,
925,2021-09-24,162195607.1,,,
926,2021-09-25,20875913.2,,,
927,2021-09-26,61145198.59,,,
928,2021-09-27,41175723.95,,,
929,2021-09-28,45794820.7,,,
930,2021-09-29,16807489.94,,,
931,2021-09-30,14796133.25,,,
932,2021-10-01,56349921.1,,,
933,2021-10-02,14669483.97,,,
934,2021-10-03,20907534.73,,,
935,2021-10-04,28826294.52,,,
936,2021-10-05,10860306.11,,,
937,2021-10-06,35530864.64,,,
938,2021-10-07,36895805.14,,,
939,2021-10-08,17494404.21,,,
940,2021-10-09,9860788.663,,,
941,2021-10-10,27699590.24,,,
942,2021-10-11,13883457.05,,,
943,2021-10-12,73657539.89,,,
944,2021-10-13,38819363.97,,,
945,2021-10-14,32083155.53,,,
946,2021-10-15,36129915.08,,,
947,2021-10-16,26084623.11,,,
948,2021-10-17,42607683.01,,,
949,2021-10-18,40033929.36,,,
950,2021-10-19,23122999.55,,,
951,2021-10-20,47060655.22,,,
952,2021-10-21,161588302.5,,,
953,2021-10-22,75486098.4,,,
954,2021-10-23,27043876.31,,,
955,2021-10-24,39378177.58,,,
956,2021-10-25,15492126.92,,,
957,2021-10-26,72789234.33,,,
958,2021-10-27,94963784.34,,,
959,2021-10-28,46025945.99,,,
960,2021-10-29,15700111.32,,,
961,2021-10-30,21651855.18,,,
962,2021-10-31,28936464.83,,,
963,2021-11-01,34221797.88,,,
964,2021-11-02,50447926.34,,,
965,2021-11-03,39573375.93,,,
966,2021-11-04,27656569.54,,,
967,2021-11-05,12163446.23,,,
968,2021-11-06,26827142.22,,,
969,2021-11-07,8758684.238,,,
970,2021-11-08,34510986.02,,,
971,2021-11-09,47051119.54,,,
972,2021-11-10,123278002.7,,,
973,2021-11-11,19783658.04,,,
974,2021-11-12,60946722.55,,,
975,2021-11-13,14504182.11,,,
976,2021-11-14,13939903.28,,,
977,2021-11-15,47989156.79,,,
978,2021-11-16,217568412.4,,,
979,2021-11-17,51683374.17,,,
980,2021-11-18,164237522.1,,,
981,2021-11-19,57919219.83,,,
982,2021-11-20,11325995.47,,,
983,2021-11-21,30121274.1,,,
984,2021-11-22,96517343.14,,,
985,2021-11-23,40737344.66,,,
986,2021-11-24,52072376.38,,,
987,2021-11-25,19617422.41,,,
988,2021-11-26,168326920.1,,,
989,2021-11-27,14711207.71,,,
990,2021-11-28,39282209.53,,,
991,2021-11-29,25073552.38,,,
992,2021-11-30,69130074.95,,,
993,2021-12-01,43132057.79,,,
994,2021-12-02,36155803.7,,,
995,2021-12-03,191552374.8,,,
996,2021-12-04,456424146.7,,,
997,2021-12-05,40655562.85,,,
998,2021-12-06,42560814.59,,,
999,2021-12-07,25749977.42,,,
1000,2021-12-08,37181369.17,,,
1001,2021-12-09,65165807.41,,,
1002,2021-12-10,41429157.76,,,
1003,2021-12-11,14513483.49,,,
1004,2021-12-12,14285340.39,,,
1005,2021-12-13,89017541.08,,,
1006,2021-12-14,17352957.34,,,
1007,2021-12-15,37966053.2,,,
1008,2021-12-16,21720709.57,,,
1009,2021-12-17,72072051.02,,,
1010,2021-12-18,12096639.04,,,
1011,2021-12-19,22696070.24,,,
1012,2021-12-20,29470378.39,,,
1013,2021-12-21,7335102.876,,,
1014,2021-12-22,11997519.43,,,
1015,2021-12-23,17629948.62,,,
1016,2021-12-24,18980095.06,,,
1017,2021-12-25,13858494.47,,,
1018,2021-12-26,29994573.96,,,
1019,2021-12-27,14800269.79,,,
1020,2021-12-28,136198853.7,,,
1021,2021-12-29,90126360.32,,,
1022,2021-12-30,18741713.88,,,
1023,2021-12-31,54429932.34,,,
1024,2022-01-01,8286688.052,,,
1025,2022-01-02,18836263.36,,,
1026,2022-01-03,33768038.64,,,
1027,2022-01-04,50786940.12,,,
1028,2022-01-05,197675298.8,,,
1029,2022-01-06,52940565.54,,,
1030,2022-01-07,130520213.0,,,
1031,2022-01-08,38598941.32,,,
1032,2022-01-09,15107603.45,,,
1033,2022-01-10,74307046.91,,,
1034,2022-01-11,18507688.63,,,
1035,2022-01-12,6849125.688,,,
1036,2022-01-13,25950121.54,,,
1037,2022-01-14,18699696.15,,,
1038,2022-01-15,8041779.308,,,
1039,2022-01-16,11554151.44,,,
1040,2022-01-17,39130966.27,,,
1041,2022-01-18,24827284.08,,,
1042,2022-01-19,32828550.45,,,
1043,2022-01-20,58767969.38,,,
1044,2022-01-21,313284053.6,,,
1045,2022-01-22,126205981.6,,,
1046,2022-01-23,23058952.83,,,
1047,2022-01-24,90082954.25,,,
1048,2022-01-25,20411926.84,,,
1049,2022-01-26,40411927.89,,,
1050,2022-01-27,36102676.53,,,
1051,2022-01-28,14807103.91,,,
1052,2022-01-29,13935817.96,,,
1053,2022-01-30,10858638.68,,,
1054,2022-01-31,15398324.7,,,
1055,2022-02-01,14675059.67,,,
1056,2022-02-02,45844568.16,,,
1057,2022-02-03,16490650.06,,,
1058,2022-02-04,10550118.0,,,
1059,2022-02-05,12613009.65,,,
1060,2022-02-06,14457945.79,,,
1061,2022-02-07,17455707.57,,,
1062,2022-02-08,43242631.56,,,
1063,2022-02-09,22167262.36,,,
1064,2022-02-10,46262345.66,,,
1065,2022-02-11,48144162.12,,,
1066,2022-02-12,20100421.89,,,
1067,2022-02-13,8190650.131,,,
1068,2022-02-14,15734632.5,,,
1069,2022-02-15,3704519.485,,,
1070,2022-02-16,20862814.98,,,
1071,2022-02-17,114674703.4,,,
1072,2022-02-18,46036779.74,,,
1073,2022-02-19,8561040.336,,,
1074,2022-02-20,75189482.3,,,
1075,2022-02-21,78571241.94,,,
1076,2022-02-22,27887216.17,,,
1077,2022-02-23,35605914.73,,,
1078,2022-02-24,116171546.1,,,
1079,2022-02-25,21143489.64,,,
1080,2022-02-26,17652661.75,,,
1081,2022-02-27,54903199.13,,,
