,Date,estimated-leverage-ratio
0,30/03/2019,0.1132628
1,31/03/2019,0.11509061
2,01/04/2019,0.11973992
3,02/04/2019,0.07072397
4,03/04/2019,0.06541539
5,04/04/2019,0.0732119
6,05/04/2019,0.06930805
7,06/04/2019,0.06918833
8,07/04/2019,0.06850967
9,08/04/2019,0.07059084
10,09/04/2019,0.07504902
11,10/04/2019,0.07235035
12,11/04/2019,0.07475191
13,12/04/2019,0.07210577
14,13/04/2019,0.07768485
15,14/04/2019,0.07727262
16,15/04/2019,0.0767244
17,16/04/2019,0.07382128
18,17/04/2019,0.07376632
19,18/04/2019,0.07400008
20,19/04/2019,0.0763742
21,20/04/2019,0.0780557
22,21/04/2019,0.07875835
23,22/04/2019,0.07850725
24,23/04/2019,0.08159698
25,24/04/2019,0.08476734
26,25/04/2019,0.08171765
27,26/04/2019,0.08613657
28,27/04/2019,0.08618358
29,28/04/2019,0.09144293
30,29/04/2019,0.09167311
31,30/04/2019,0.0938951
32,01/05/2019,0.09550598
33,02/05/2019,0.09715585
34,03/05/2019,0.08342112
35,04/05/2019,0.07611878
36,05/05/2019,0.08244512
37,06/05/2019,0.08652712
38,07/05/2019,0.08280767
39,08/05/2019,0.08333313
40,09/05/2019,0.08356289
41,10/05/2019,0.09128635
42,11/05/2019,0.07136802
43,12/05/2019,0.06539286
44,13/05/2019,0.06311192
45,14/05/2019,0.06202304
46,15/05/2019,0.06111859
47,16/05/2019,0.06624794
48,17/05/2019,0.05175399
49,18/05/2019,0.05623885
50,19/05/2019,0.05535492
51,20/05/2019,0.05458691
52,21/05/2019,0.05563998
53,22/05/2019,0.05653387
54,23/05/2019,0.05320897
55,24/05/2019,0.05920693
56,25/05/2019,0.06237377
57,26/05/2019,0.06484574
58,27/05/2019,0.06446984
59,28/05/2019,0.06739244
60,29/05/2019,0.06739521
61,30/05/2019,0.06227344
62,31/05/2019,0.05986585
63,01/06/2019,0.06077223
64,02/06/2019,0.06205151
65,03/06/2019,0.0623525
66,04/06/2019,0.05948685
67,05/06/2019,0.05803468
68,06/06/2019,0.05742367
69,07/06/2019,0.05425116
70,08/06/2019,0.05739153
71,09/06/2019,0.06238446
72,10/06/2019,0.05708298
73,11/06/2019,0.05663025
74,12/06/2019,0.05810185
75,13/06/2019,0.05982901
76,14/06/2019,0.05814754
77,15/06/2019,0.06520081
78,16/06/2019,0.06151713
79,17/06/2019,0.06374911
80,18/06/2019,0.06746701
81,19/06/2019,0.06825194
82,20/06/2019,0.0700805
83,21/06/2019,0.06611937
84,22/06/2019,0.06044864
85,23/06/2019,0.06473151
86,24/06/2019,0.0627396
87,25/06/2019,0.06430857
88,26/06/2019,0.05324494
89,27/06/2019,0.05213584
90,28/06/2019,0.05202961
91,29/06/2019,0.05147191
92,30/06/2019,0.05241029
93,01/07/2019,0.05565251
94,02/07/2019,0.05210521
95,03/07/2019,0.05265561
96,04/07/2019,0.05523106
97,05/07/2019,0.05456844
98,06/07/2019,0.05441038
99,07/07/2019,0.05541496
100,08/07/2019,0.0580377
101,09/07/2019,0.0609341
102,10/07/2019,0.05962429
103,11/07/2019,0.05798446
104,12/07/2019,0.05715679
105,13/07/2019,0.05734498
106,14/07/2019,0.05997883
107,15/07/2019,0.05728183
108,16/07/2019,0.06086388
109,17/07/2019,0.05475031
110,18/07/2019,0.0511209
111,19/07/2019,0.04955807
112,20/07/2019,0.05076667
113,21/07/2019,0.05207084
114,22/07/2019,0.05246473
115,23/07/2019,0.0554011
116,24/07/2019,0.05407057
117,25/07/2019,0.05584389
118,26/07/2019,0.05561883
119,27/07/2019,0.06056271
120,28/07/2019,0.05595086
121,29/07/2019,0.05634298
122,30/07/2019,0.05734889
123,31/07/2019,0.05666643
124,01/08/2019,0.05725685
125,02/08/2019,0.05959545
126,03/08/2019,0.05986251
127,04/08/2019,0.06005115
128,05/08/2019,0.0590063
129,06/08/2019,0.06159704
130,07/08/2019,0.06119364
131,08/08/2019,0.06215367
132,09/08/2019,0.06764278
133,10/08/2019,0.06745714
134,11/08/2019,0.06489662
135,12/08/2019,0.06632132
136,13/08/2019,0.07094984
137,14/08/2019,0.06865326
138,15/08/2019,0.06114889
139,16/08/2019,0.06067692
140,17/08/2019,0.06224102
141,18/08/2019,0.06101638
142,19/08/2019,0.06109466
143,20/08/2019,0.06370095
144,21/08/2019,0.06541072
145,22/08/2019,0.06829214
146,23/08/2019,0.06899948
147,24/08/2019,0.06657568
148,25/08/2019,0.06702515
149,26/08/2019,0.06262076
150,27/08/2019,0.06527403
151,28/08/2019,0.07280662
152,29/08/2019,0.07265165
153,30/08/2019,0.07252137
154,31/08/2019,0.07257781
155,01/09/2019,0.07096396
156,02/09/2019,0.06687721
157,03/09/2019,0.06685926
158,04/09/2019,0.06960318
159,05/09/2019,0.08233283
160,06/09/2019,0.08365123
161,07/09/2019,0.08395711
162,08/09/2019,0.08436007
163,09/09/2019,0.08443145
164,10/09/2019,0.08542951
165,11/09/2019,0.08555235
166,12/09/2019,0.08541536
167,13/09/2019,0.08692758
168,14/09/2019,0.08840478
169,15/09/2019,0.08944417
170,16/09/2019,0.08819759
171,17/09/2019,0.08860123
172,18/09/2019,0.09076025
173,19/09/2019,0.08192706
174,20/09/2019,0.08417401
175,21/09/2019,0.08621042
176,22/09/2019,0.08642384
177,23/09/2019,0.09186057
178,24/09/2019,0.08126944
179,25/09/2019,0.07399365
180,26/09/2019,0.0758939
181,27/09/2019,0.07600623
182,28/09/2019,0.07477867
183,29/09/2019,0.07847408
184,30/09/2019,0.0770105
185,01/10/2019,0.07910436
186,02/10/2019,0.07793253
187,03/10/2019,0.07642511
188,04/10/2019,0.07749158
189,05/10/2019,0.07758168
190,06/10/2019,0.08321885
191,07/10/2019,0.0768573
192,08/10/2019,0.07795955
193,09/10/2019,0.07620835
194,10/10/2019,0.07822052
195,11/10/2019,0.08080558
196,12/10/2019,0.08100835
197,13/10/2019,0.07934916
198,14/10/2019,0.08001909
199,15/10/2019,0.08510047
200,16/10/2019,0.08809973
201,17/10/2019,0.08604136
202,18/10/2019,0.0870041
203,19/10/2019,0.08588199
204,20/10/2019,0.08205662
205,21/10/2019,0.08219425
206,22/10/2019,0.0888222
207,23/10/2019,0.08909731
208,24/10/2019,0.09096907
209,25/10/2019,0.0701524
210,26/10/2019,0.06182195
211,27/10/2019,0.06453594
212,28/10/2019,0.06659695
213,29/10/2019,0.07134788
214,30/10/2019,0.07084612
215,31/10/2019,0.06989674
216,01/11/2019,0.07099501
217,02/11/2019,0.0726341
218,03/11/2019,0.07251764
219,04/11/2019,0.07338669
220,05/11/2019,0.07318327
221,06/11/2019,0.07482534
222,07/11/2019,0.09173026
223,08/11/2019,0.09595555
224,09/11/2019,0.09422335
225,10/11/2019,0.09271256
226,11/11/2019,0.09279184
227,12/11/2019,0.09122736
228,13/11/2019,0.09574684
229,14/11/2019,0.10030989
230,15/11/2019,0.09849213
231,16/11/2019,0.0988519
232,17/11/2019,0.09909969
233,18/11/2019,0.1024057
234,19/11/2019,0.10459696
235,20/11/2019,0.10521273
236,21/11/2019,0.09711996
237,22/11/2019,0.09034336
238,23/11/2019,0.09080507
239,24/11/2019,0.09542332
240,25/11/2019,0.0861017
241,26/11/2019,0.08596713
242,27/11/2019,0.08112395
243,28/11/2019,0.08244924
244,29/11/2019,0.08256586
245,30/11/2019,0.08543271
246,01/12/2019,0.08774232
247,02/12/2019,0.09042155
248,03/12/2019,0.09269671
249,04/12/2019,0.09073003
250,05/12/2019,0.08486768
251,06/12/2019,0.08561164
252,07/12/2019,0.08781998
253,08/12/2019,0.08828943
254,09/12/2019,0.09005747
255,10/12/2019,0.09538315
256,11/12/2019,0.09961382
257,12/12/2019,0.09527614
258,13/12/2019,0.09583787
259,14/12/2019,0.10218926
260,15/12/2019,0.09827977
261,16/12/2019,0.10145578
262,17/12/2019,0.10441399
263,18/12/2019,0.08389659
264,19/12/2019,0.08758933
265,20/12/2019,0.08935165
266,21/12/2019,0.0891801
267,22/12/2019,0.08809648
268,23/12/2019,0.08647096
269,24/12/2019,0.0854963
270,25/12/2019,0.08644198
271,26/12/2019,0.08761496
272,27/12/2019,0.08943179
273,28/12/2019,0.08961023
274,29/12/2019,0.09012722
275,30/12/2019,0.09403789
276,31/12/2019,0.09570536
277,01/01/2020,0.09655331
278,02/01/2020,0.10021464
279,03/01/2020,0.08894051
280,04/01/2020,0.09237802
281,05/01/2020,0.09313022
282,06/01/2020,0.09455946
283,07/01/2020,0.09090785
284,08/01/2020,0.09069576
285,09/01/2020,0.09360076
286,10/01/2020,0.09324359
287,11/01/2020,0.09487331
288,12/01/2020,0.09488604
289,13/01/2020,0.09559917
290,14/01/2020,0.09630977
291,15/01/2020,0.09843892
292,16/01/2020,0.09879075
293,17/01/2020,0.1012748
294,18/01/2020,0.10131908
295,19/01/2020,0.09462325
296,20/01/2020,0.09659843
297,21/01/2020,0.09764882
298,22/01/2020,0.0982165
299,23/01/2020,0.10531837
300,24/01/2020,0.10224401
301,25/01/2020,0.10019839
302,26/01/2020,0.1041361
303,27/01/2020,0.10744398
304,28/01/2020,0.10046207
305,29/01/2020,0.10449804
306,30/01/2020,0.1034464
307,31/01/2020,0.10391673
308,01/02/2020,0.1039202
309,02/02/2020,0.10945827
310,03/02/2020,0.11073013
311,04/02/2020,0.11202257
312,05/02/2020,0.11211415
313,06/02/2020,0.1077157
314,07/02/2020,0.10975912
315,08/02/2020,0.10812377
316,09/02/2020,0.10921176
317,10/02/2020,0.10996818
318,11/02/2020,0.10837188
319,12/02/2020,0.10712804
320,13/02/2020,0.11034849
321,14/02/2020,0.10878378
322,15/02/2020,0.11096527
323,16/02/2020,0.1097023
324,17/02/2020,0.11394258
325,18/02/2020,0.10889861
326,19/02/2020,0.1016402
327,20/02/2020,0.10170515
328,21/02/2020,0.10122916
329,22/02/2020,0.1032151
330,23/02/2020,0.10148031
331,24/02/2020,0.1102107
332,25/02/2020,0.11426892
333,26/02/2020,0.11276524
334,27/02/2020,0.10575417
335,28/02/2020,0.10645037
336,29/02/2020,0.10636645
337,01/03/2020,0.10859202
338,02/03/2020,0.10348948
339,03/03/2020,0.10524196
340,04/03/2020,0.10548721
341,05/03/2020,0.10756095
342,06/03/2020,0.10827642
343,07/03/2020,0.11346883
344,08/03/2020,0.11469954
345,09/03/2020,0.10474403
346,10/03/2020,0.1055647
347,11/03/2020,0.10398174
348,12/03/2020,0.08750144
349,13/03/2020,0.07665488
350,14/03/2020,0.08142319
351,15/03/2020,0.07754558
352,16/03/2020,0.08025234
353,17/03/2020,0.07830611
354,18/03/2020,0.07989837
355,19/03/2020,0.0742808
356,20/03/2020,0.06846307
357,21/03/2020,0.07131986
358,22/03/2020,0.08478685
359,23/03/2020,0.06981371
360,24/03/2020,0.06639541
361,25/03/2020,0.07027441
362,26/03/2020,0.07027983
363,27/03/2020,0.07540027
364,28/03/2020,0.08348322
365,29/03/2020,0.09535581
366,30/03/2020,0.085457
367,31/03/2020,0.09081019
368,01/04/2020,0.09126561
369,02/04/2020,0.08348753
370,03/04/2020,0.08638648
371,04/04/2020,0.08705632
372,05/04/2020,0.08745763
373,06/04/2020,0.0889243
374,07/04/2020,0.08755661
375,08/04/2020,0.0855371
376,09/04/2020,0.09088028
377,10/04/2020,0.09999576
378,11/04/2020,0.10335396
379,12/04/2020,0.0994533
380,13/04/2020,0.10279478
381,14/04/2020,0.10505147
382,15/04/2020,0.11538427
383,16/04/2020,0.09934204
384,17/04/2020,0.10186377
385,18/04/2020,0.10331907
386,19/04/2020,0.10229682
387,20/04/2020,0.11011897
388,21/04/2020,0.11110699
389,22/04/2020,0.11195541
390,23/04/2020,0.09487381
391,24/04/2020,0.09340191
392,25/04/2020,0.09614877
393,26/04/2020,0.09625723
394,27/04/2020,0.09399029
395,28/04/2020,0.09807964
396,29/04/2020,0.08570611
397,30/04/2020,0.0835312
398,01/05/2020,0.08712582
399,02/05/2020,0.08758553
400,03/05/2020,0.09175933
401,04/05/2020,0.09064879
402,05/05/2020,0.09098408
403,06/05/2020,0.09852193
404,07/05/2020,0.09764604
405,08/05/2020,0.10514701
406,09/05/2020,0.11302076
407,10/05/2020,0.0919543
408,11/05/2020,0.09213985
409,12/05/2020,0.09436454
410,13/05/2020,0.11001916
411,14/05/2020,0.10920324
412,15/05/2020,0.11237296
413,16/05/2020,0.11007689
414,17/05/2020,0.11192011
415,18/05/2020,0.11206493
416,19/05/2020,0.11027532
417,20/05/2020,0.1158984
418,21/05/2020,0.11619033
419,22/05/2020,0.11846049
420,23/05/2020,0.11561718
421,24/05/2020,0.12126377
422,25/05/2020,0.12340444
423,26/05/2020,0.12468254
424,27/05/2020,0.12396934
425,28/05/2020,0.12321332
426,29/05/2020,0.12495739
427,30/05/2020,0.12022474
428,31/05/2020,0.12068438
429,01/06/2020,0.12842586
430,02/06/2020,0.11677418
431,03/06/2020,0.11581748
432,04/06/2020,0.11798188
433,05/06/2020,0.12014619
434,06/06/2020,0.11879441
435,07/06/2020,0.11713453
436,08/06/2020,0.1221752
437,09/06/2020,0.12081054
438,10/06/2020,0.12085657
439,11/06/2020,0.1278
440,12/06/2020,0.12284857
441,13/06/2020,0.12239837
442,14/06/2020,0.12830082
443,15/06/2020,0.13111788
444,16/06/2020,0.12841969
445,17/06/2020,0.13026999
446,18/06/2020,0.13455656
447,19/06/2020,0.1330196
448,20/06/2020,0.13035547
449,21/06/2020,0.12996205
450,22/06/2020,0.13181964
451,23/06/2020,0.14914305
452,24/06/2020,0.15334264
453,25/06/2020,0.15037583
454,26/06/2020,0.15679372
455,27/06/2020,0.16300491
456,28/06/2020,0.15817869
457,29/06/2020,0.15649129
458,30/06/2020,0.15604148
459,01/07/2020,0.16212737
460,02/07/2020,0.1630584
461,03/07/2020,0.16508839
462,04/07/2020,0.15985733
463,05/07/2020,0.16101678
464,06/07/2020,0.16448197
465,07/07/2020,0.16200606
466,08/07/2020,0.16994891
467,09/07/2020,0.16573033
468,10/07/2020,0.16269596
469,11/07/2020,0.16463747
470,12/07/2020,0.16363423
471,13/07/2020,0.17233891
472,14/07/2020,0.16983611
473,15/07/2020,0.17820762
474,16/07/2020,0.18472271
475,17/07/2020,0.18267623
476,18/07/2020,0.17910074
477,19/07/2020,0.1801531
478,20/07/2020,0.17794429
479,21/07/2020,0.18953719
480,22/07/2020,0.18713461
481,23/07/2020,0.18634483
482,24/07/2020,0.18207758
483,25/07/2020,0.18879221
484,26/07/2020,0.1720057
485,27/07/2020,0.15122543
486,28/07/2020,0.1476043
487,29/07/2020,0.15193776
488,30/07/2020,0.15301305
489,31/07/2020,0.15580295
490,01/08/2020,0.15723703
491,02/08/2020,0.13766103
492,03/08/2020,0.13812613
493,04/08/2020,0.13850586
494,05/08/2020,0.14101119
495,06/08/2020,0.14635291
496,07/08/2020,0.1444111
497,08/08/2020,0.13967605
498,09/08/2020,0.14505488
499,10/08/2020,0.14745839
500,11/08/2020,0.15265657
501,12/08/2020,0.14585374
502,13/08/2020,0.14345173
503,14/08/2020,0.14680402
504,15/08/2020,0.14994714
505,16/08/2020,0.15152688
506,17/08/2020,0.15586264
507,18/08/2020,0.15688489
508,19/08/2020,0.15220734
509,20/08/2020,0.15030839
510,21/08/2020,0.15698278
511,22/08/2020,0.14957939
512,23/08/2020,0.15027067
513,24/08/2020,0.15290506
514,25/08/2020,0.16323342
515,26/08/2020,0.15265822
516,27/08/2020,0.15732345
517,28/08/2020,0.15384434
518,29/08/2020,0.15379064
519,30/08/2020,0.15492168
520,31/08/2020,0.15807228
521,01/09/2020,0.16044228
522,02/09/2020,0.16186648
523,03/09/2020,0.1481666
524,04/09/2020,0.13246916
525,05/09/2020,0.13285039
526,06/09/2020,0.1345063
527,07/09/2020,0.13563745
528,08/09/2020,0.14019362
529,09/09/2020,0.13796173
530,10/09/2020,0.13963221
531,11/09/2020,0.13920067
532,12/09/2020,0.1402573
533,13/09/2020,0.14508221
534,14/09/2020,0.14672835
535,15/09/2020,0.14398165
536,16/09/2020,0.15084875
537,17/09/2020,0.14873246
538,18/09/2020,0.15197384
539,19/09/2020,0.15290591
540,20/09/2020,0.14964278
541,21/09/2020,0.15095579
542,22/09/2020,0.14947506
543,23/09/2020,0.15404252
544,24/09/2020,0.14661669
545,25/09/2020,0.14941936
546,26/09/2020,0.15148389
547,27/09/2020,0.15073363
548,28/09/2020,0.1481048
549,29/09/2020,0.1502021
550,30/09/2020,0.15309877
551,01/10/2020,0.15073179
552,02/10/2020,0.15400783
553,03/10/2020,0.1548958
554,04/10/2020,0.1554457
555,05/10/2020,0.16091565
556,06/10/2020,0.16153087
557,07/10/2020,0.16145047
558,08/10/2020,0.16378851
559,09/10/2020,0.16621026
560,10/10/2020,0.15973754
561,11/10/2020,0.15979024
562,12/10/2020,0.15573594
563,13/10/2020,0.15581295
564,14/10/2020,0.15192024
565,15/10/2020,0.15408946
566,16/10/2020,0.1557148
567,17/10/2020,0.15549705
568,18/10/2020,0.15770835
569,19/10/2020,0.16783661
570,20/10/2020,0.17067115
571,21/10/2020,0.15840191
572,22/10/2020,0.16353023
573,23/10/2020,0.16712266
574,24/10/2020,0.17282702
575,25/10/2020,0.16772805
576,26/10/2020,0.17045307
577,27/10/2020,0.17241401
578,28/10/2020,0.16028911
579,29/10/2020,0.16857911
580,30/10/2020,0.168611
581,31/10/2020,0.17619314
582,01/11/2020,0.17523601
583,02/11/2020,0.17554533
584,03/11/2020,0.1759252
585,04/11/2020,0.17718703
586,05/11/2020,0.16220863
587,06/11/2020,0.16200552
588,07/11/2020,0.15312982
589,08/11/2020,0.15737106
590,09/11/2020,0.15808527
591,10/11/2020,0.15975253
592,11/11/2020,0.17082953
593,12/11/2020,0.17484947
594,13/11/2020,0.17419037
595,14/11/2020,0.17062936
596,15/11/2020,0.17334751
597,16/11/2020,0.18133174
598,17/11/2020,0.17277282
599,18/11/2020,0.16883308
600,19/11/2020,0.17669548
601,20/11/2020,0.18412928
602,21/11/2020,0.18567225
603,22/11/2020,0.18861525
604,23/11/2020,0.1951635
605,24/11/2020,0.18206192
606,25/11/2020,0.18153787
607,26/11/2020,0.14586935
608,27/11/2020,0.14777132
609,28/11/2020,0.14865409
610,29/11/2020,0.15145395
611,30/11/2020,0.15766466
612,01/12/2020,0.14962594
613,02/12/2020,0.15028233
614,03/12/2020,0.15573222
615,04/12/2020,0.15855672
616,05/12/2020,0.15747756
617,06/12/2020,0.16016635
618,07/12/2020,0.16241203
619,08/12/2020,0.1687656
620,09/12/2020,0.16734936
621,10/12/2020,0.16827036
622,11/12/2020,0.16377379
623,12/12/2020,0.15928572
624,13/12/2020,0.15821023
625,14/12/2020,0.16226638
626,15/12/2020,0.16412008
627,16/12/2020,0.15958369
628,17/12/2020,0.14049081
629,18/12/2020,0.14772486
630,19/12/2020,0.15126905
631,20/12/2020,0.15135176
632,21/12/2020,0.14419761
633,22/12/2020,0.14622995
634,23/12/2020,0.13817848
635,24/12/2020,0.14238774
636,25/12/2020,0.14727948
637,26/12/2020,0.14647203
638,27/12/2020,0.14405899
639,28/12/2020,0.14516436
640,29/12/2020,0.14500557
641,30/12/2020,0.14284731
642,31/12/2020,0.14172421
643,01/01/2021,0.14311354
644,02/01/2021,0.13910141
645,03/01/2021,0.1375199
646,04/01/2021,0.12797746
647,05/01/2021,0.12605961
648,06/01/2021,0.12654352
649,07/01/2021,0.12762234
650,08/01/2021,0.12478248
651,09/01/2021,0.12954766
652,10/01/2021,0.13072479
653,11/01/2021,0.12797431
654,12/01/2021,0.12323363
655,13/01/2021,0.12415072
656,14/01/2021,0.12696124
657,15/01/2021,0.12716055
658,16/01/2021,0.12652258
659,17/01/2021,0.12035052
660,18/01/2021,0.12203569
661,19/01/2021,0.13047133
662,20/01/2021,0.12425426
663,21/01/2021,0.1319966
664,22/01/2021,0.11853327
665,23/01/2021,0.11734045
666,24/01/2021,0.11956157
667,25/01/2021,0.12236225
668,26/01/2021,0.12143018
669,27/01/2021,0.12812528
670,28/01/2021,0.12525819
671,29/01/2021,0.12431256
672,30/01/2021,0.12244998
673,31/01/2021,0.12631873
674,01/02/2021,0.12231415
675,02/02/2021,0.1247239
676,03/02/2021,0.12340156
677,04/02/2021,0.12496748
678,05/02/2021,0.12987057
679,06/02/2021,0.13686797
680,07/02/2021,0.13856336
681,08/02/2021,0.13565564
682,09/02/2021,0.13378355
683,10/02/2021,0.13653412
684,11/02/2021,0.1393226
685,12/02/2021,0.13829815
686,13/02/2021,0.13927887
687,14/02/2021,0.14495531
688,15/02/2021,0.14086213
689,16/02/2021,0.14215213
690,17/02/2021,0.14741682
691,18/02/2021,0.14575442
692,19/02/2021,0.13737644
693,20/02/2021,0.13290675
694,21/02/2021,0.13639746
695,22/02/2021,0.12737659
696,23/02/2021,0.122629
697,24/02/2021,0.12360197
698,25/02/2021,0.13047487
699,26/02/2021,0.12584088
700,27/02/2021,0.12822623
701,28/02/2021,0.1311196
702,01/03/2021,0.13152833
703,02/03/2021,0.1320778
704,03/03/2021,0.13464591
705,04/03/2021,0.13669682
706,05/03/2021,0.13053053
707,06/03/2021,0.13108551
708,07/03/2021,0.13509598
709,08/03/2021,0.14819726
710,09/03/2021,0.14825981
711,10/03/2021,0.15574625
712,11/03/2021,0.16176728
713,12/03/2021,0.15559579
714,13/03/2021,0.16415802
715,14/03/2021,0.16335893
716,15/03/2021,0.15727711
717,16/03/2021,0.14936648
718,17/03/2021,0.1487946
719,18/03/2021,0.1533998
720,19/03/2021,0.1483647
721,20/03/2021,0.15281639
722,21/03/2021,0.15385284
723,22/03/2021,0.15897431
724,23/03/2021,0.15725221
725,24/03/2021,0.15847295
726,25/03/2021,0.15675274
727,26/03/2021,0.15237128
728,27/03/2021,0.15302832
729,28/03/2021,0.1491233
730,29/03/2021,0.15572996
731,30/03/2021,0.16510346
732,31/03/2021,0.16581242
733,01/04/2021,0.16511427
734,02/04/2021,0.16960083
735,03/04/2021,0.17271916
736,04/04/2021,0.17035122
737,05/04/2021,0.16870385
738,06/04/2021,0.17309742
739,07/04/2021,0.17453772
740,08/04/2021,0.16823646
741,09/04/2021,0.16632093
742,10/04/2021,0.16640334
743,11/04/2021,0.16974206
744,12/04/2021,0.17665356
745,13/04/2021,0.1807795
746,14/04/2021,0.1769194
747,15/04/2021,0.17470554
748,16/04/2021,0.17669138
749,17/04/2021,0.18214258
750,18/04/2021,0.15965155
751,19/04/2021,0.15660693
752,20/04/2021,0.15780567
753,21/04/2021,0.16136631
754,22/04/2021,0.1591649
755,23/04/2021,0.15420393
756,24/04/2021,0.15643755
757,25/04/2021,0.15913745
758,26/04/2021,0.13967606
759,27/04/2021,0.1410277
760,28/04/2021,0.13799867
761,29/04/2021,0.14415666
762,30/04/2021,0.14219126
763,01/05/2021,0.14155374
764,02/05/2021,0.14532172
765,03/05/2021,0.14630423
766,04/05/2021,0.14896706
767,05/05/2021,0.13723702
768,06/05/2021,0.14280499
769,07/05/2021,0.13821349
770,08/05/2021,0.13662147
771,09/05/2021,0.13664481
772,10/05/2021,0.14381204
773,11/05/2021,0.14072559
774,12/05/2021,0.15379182
775,13/05/2021,0.13815522
776,14/05/2021,0.13251766
777,15/05/2021,0.14390503
778,16/05/2021,0.14284653
779,17/05/2021,0.14570404
780,18/05/2021,0.14804415
781,19/05/2021,0.11063619
782,20/05/2021,0.10202873
783,21/05/2021,0.10633868
784,22/05/2021,0.09912262
785,23/05/2021,0.10112466
786,24/05/2021,0.09878315
787,25/05/2021,0.09860428
788,26/05/2021,0.09990476
789,27/05/2021,0.09901033
790,28/05/2021,0.11312114
791,29/05/2021,0.10953409
792,30/05/2021,0.10703998
793,31/05/2021,0.10907345
794,01/06/2021,0.10624766
795,02/06/2021,0.11009046
796,03/06/2021,0.11428096
797,04/06/2021,0.11620422
798,05/06/2021,0.11730308
799,06/06/2021,0.11944921
800,07/06/2021,0.13075359
801,08/06/2021,0.12540384
802,09/06/2021,0.13079573
803,10/06/2021,0.1217066
804,11/06/2021,0.12331328
805,12/06/2021,0.12169883
806,13/06/2021,0.12581478
807,14/06/2021,0.12569083
808,15/06/2021,0.12719182
809,16/06/2021,0.1324622
810,17/06/2021,0.13459691
811,18/06/2021,0.13326562
812,19/06/2021,0.13542209
813,20/06/2021,0.13072584
814,21/06/2021,0.13030486
815,22/06/2021,0.12946663
816,23/06/2021,0.12742187
817,24/06/2021,0.12859908
818,25/06/2021,0.13516445
819,26/06/2021,0.13200256
820,27/06/2021,0.1302186
821,28/06/2021,0.12863365
822,29/06/2021,0.13615796
823,30/06/2021,0.1319713
824,01/07/2021,0.13756697
825,02/07/2021,0.13941369
826,03/07/2021,0.13915174
827,04/07/2021,0.13897966
828,05/07/2021,0.13851457
829,06/07/2021,0.13787137
830,07/07/2021,0.14000826
831,08/07/2021,0.14579948
832,09/07/2021,0.1419722
833,10/07/2021,0.14309632
834,11/07/2021,0.14617697
835,12/07/2021,0.14803853
836,13/07/2021,0.14830178
837,14/07/2021,0.14540362
838,15/07/2021,0.15689611
839,16/07/2021,0.15215139
840,17/07/2021,0.15536769
841,18/07/2021,0.1526341
842,19/07/2021,0.16606297
843,20/07/2021,0.16365083
844,21/07/2021,0.1568529
845,22/07/2021,0.1559835
846,23/07/2021,0.16187595
847,24/07/2021,0.1639872
848,25/07/2021,0.16931655
849,26/07/2021,0.13810086
850,27/07/2021,0.13828752
851,28/07/2021,0.14236906
852,29/07/2021,0.14786308
853,30/07/2021,0.14686423
854,31/07/2021,0.14614902
855,01/08/2021,0.13850524
856,02/08/2021,0.13970127
857,03/08/2021,0.14590657
858,04/08/2021,0.14462626
859,05/08/2021,0.13780761
860,06/08/2021,0.1433793
861,07/08/2021,0.14640719
862,08/08/2021,0.14266589
863,09/08/2021,0.14663737
864,10/08/2021,0.14798726
865,11/08/2021,0.14916039
866,12/08/2021,0.15057148
867,13/08/2021,0.1469479
868,14/08/2021,0.1471925
869,15/08/2021,0.14403382
870,16/08/2021,0.1522044
871,17/08/2021,0.1523608
872,18/08/2021,0.14612384
873,19/08/2021,0.14574576
874,20/08/2021,0.15402279
875,21/08/2021,0.15460726
876,22/08/2021,0.15362727
877,23/08/2021,0.15697789
878,24/08/2021,0.16510968
879,25/08/2021,0.15717038
880,26/08/2021,0.1609104
881,27/08/2021,0.15470066
882,28/08/2021,0.15756327
883,29/08/2021,0.15597614
884,30/08/2021,0.16027109
885,31/08/2021,0.16383008
886,01/09/2021,0.1612977
887,02/09/2021,0.17011465
888,03/09/2021,0.16913172
889,04/09/2021,0.16589729
890,05/09/2021,0.17656713
891,06/09/2021,0.17919078
892,07/09/2021,0.14055485
893,08/09/2021,0.13995581
894,09/09/2021,0.14060681
895,10/09/2021,0.14957801
896,11/09/2021,0.14834891
897,12/09/2021,0.14702178
898,13/09/2021,0.15087916
899,14/09/2021,0.15522661
900,15/09/2021,0.16346508
901,16/09/2021,0.15686045
902,17/09/2021,0.15934583
903,18/09/2021,0.15921703
904,19/09/2021,0.1618962
905,20/09/2021,0.15934518
906,21/09/2021,0.15004926
907,22/09/2021,0.14963603
908,23/09/2021,0.14990412
909,24/09/2021,0.14993281
910,25/09/2021,0.14990587
911,26/09/2021,0.14825449
912,27/09/2021,0.15121031
913,28/09/2021,0.15353022
914,29/09/2021,0.15734723
915,30/09/2021,0.15224687
916,01/10/2021,0.15341348
917,02/10/2021,0.15282866
918,03/10/2021,0.15134376
919,04/10/2021,0.15276963
920,05/10/2021,0.16092322
921,06/10/2021,0.14938023
922,07/10/2021,0.15533896
923,08/10/2021,0.15458566
924,09/10/2021,0.15363166
925,10/10/2021,0.15809026
926,11/10/2021,0.16094383
927,12/10/2021,0.15853668
928,13/10/2021,0.15694337
929,14/10/2021,0.15814278
930,15/10/2021,0.16292015
931,16/10/2021,0.16549433
932,17/10/2021,0.16504986
933,18/10/2021,0.16332225
934,19/10/2021,0.17172359
935,20/10/2021,0.17463532
936,21/10/2021,0.17650142
937,22/10/2021,0.17711184
938,23/10/2021,0.17288967
939,24/10/2021,0.17726164
940,25/10/2021,0.17430357
941,26/10/2021,0.18053939
942,27/10/2021,0.17391903
943,28/10/2021,0.16827243
944,29/10/2021,0.16963804
945,30/10/2021,0.16922426
946,31/10/2021,0.1776736
947,01/11/2021,0.17531224
948,02/11/2021,0.17863771
949,03/11/2021,0.17840685
950,04/11/2021,0.18195303
951,05/11/2021,0.18442376
952,06/11/2021,0.18435167
953,07/11/2021,0.18251939
954,08/11/2021,0.18722641
955,09/11/2021,0.18703667
956,10/11/2021,0.18318674
957,11/11/2021,0.17809178
958,12/11/2021,0.17887173
959,13/11/2021,0.17932602
960,14/11/2021,0.18167021
961,15/11/2021,0.19203495
962,16/11/2021,0.18810253
963,17/11/2021,0.187116
964,18/11/2021,0.19227503
965,19/11/2021,0.18524381
966,20/11/2021,0.18200678
967,21/11/2021,0.1820333
968,22/11/2021,0.19005958
969,23/11/2021,0.18454797
970,24/11/2021,0.18947908
971,25/11/2021,0.19129851
972,26/11/2021,0.20608387
973,27/11/2021,0.19718427
974,28/11/2021,0.19137374
975,29/11/2021,0.19238174
976,30/11/2021,0.18873953
977,01/12/2021,0.19451437
978,02/12/2021,0.19430294
979,03/12/2021,0.19761204
980,04/12/2021,0.15877675
981,05/12/2021,0.15640788
982,06/12/2021,0.156805
983,07/12/2021,0.1626475
984,08/12/2021,0.16316152
985,09/12/2021,0.16865412
986,10/12/2021,0.16408501
987,11/12/2021,0.16343048
988,12/12/2021,0.16861735
989,13/12/2021,0.17069843
990,14/12/2021,0.16784789
991,15/12/2021,0.1675616
992,16/12/2021,0.1745389
993,17/12/2021,0.17579443
994,18/12/2021,0.1775245
995,19/12/2021,0.17882591
996,20/12/2021,0.18705745
997,21/12/2021,0.19649538
998,22/12/2021,0.19597455
999,23/12/2021,0.19779894
1000,24/12/2021,0.19935809
1001,25/12/2021,0.19990365
1002,26/12/2021,0.19876401
1003,27/12/2021,0.20135236
1004,28/12/2021,0.20487344
1005,29/12/2021,0.20524312
1006,30/12/2021,0.20484237
1007,31/12/2021,0.20798905
1008,01/01/2022,0.203148
1009,02/01/2022,0.203598
1010,03/01/2022,0.21567326
1011,04/01/2022,0.21729553
1012,05/01/2022,0.21483967
1013,06/01/2022,0.21860654
1014,07/01/2022,0.21482778
1015,08/01/2022,0.2114916
1016,09/01/2022,0.21310761
1017,10/01/2022,0.21068165
1018,11/01/2022,0.21325835
1019,12/01/2022,0.21189534
1020,13/01/2022,0.21357003
1021,14/01/2022,0.2089008
1022,15/01/2022,0.20965745
1023,16/01/2022,0.20735228
1024,17/01/2022,0.21282776
1025,18/01/2022,0.21163833
1026,19/01/2022,0.21377929
1027,20/01/2022,0.21615101
1028,21/01/2022,0.20473269
1029,22/01/2022,0.20457182
1030,23/01/2022,0.20684239
1031,24/01/2022,0.20137016
1032,25/01/2022,0.20673288
1033,26/01/2022,0.20166103
1034,27/01/2022,0.20210134
1035,28/01/2022,0.20394019
1036,29/01/2022,0.20382051
1037,30/01/2022,0.20310426
1038,31/01/2022,0.21426414
1039,01/02/2022,0.20647476
1040,02/02/2022,0.20669934
1041,03/02/2022,0.20583682
1042,04/02/2022,0.20798671
1043,05/02/2022,0.20763721
1044,06/02/2022,0.2088611
1045,07/02/2022,0.20869849
1046,08/02/2022,0.20159506
1047,09/02/2022,0.20096907
1048,10/02/2022,0.19858759
1049,11/02/2022,0.19960197
1050,12/02/2022,0.19972269
1051,13/02/2022,0.20041003
1052,14/02/2022,0.20661498
1053,15/02/2022,0.21308882
1054,16/02/2022,0.21031862
1055,17/02/2022,0.20834622
1056,18/02/2022,0.20664836
1057,19/02/2022,0.20863408
1058,20/02/2022,0.20881231
1059,21/02/2022,0.20534092
1060,22/02/2022,0.20777717
1061,23/02/2022,0.20578154
1062,24/02/2022,0.19217865
1063,25/02/2022,0.19561444
1064,26/02/2022,0.19673292
1065,27/02/2022,0.19559083
